ipv,ips,iaa,ieg,nÂº_av,ida,defasagem
7.278,5.6,8.3,4.1,4.0,4.0,-1
6.778,6.3,8.8,5.2,4.0,6.8,0
7.556,5.6,0.0,7.9,4.0,5.6,0
5.278,5.6,8.8,4.5,4.0,5.0,0
7.389,5.6,7.9,8.6,4.0,5.2,0
7.222,7.5,7.9,4.5,4.0,3.3,-1
7.667,7.5,0.0,8.4,4.0,7.6,-1
6.278,6.3,7.1,4.6,4.0,1.6,-1
9.5,7.5,8.8,9.5,4.0,6.7,-1
7.056,5.0,8.3,5.2,4.0,4.1,-1
6.389,5.0,9.2,4.2,4.0,3.0,-1
6.389,6.9,0.0,4.0,4.0,1.5,0
8.056,7.5,7.9,7.4,4.0,4.7,-1
7.75,7.5,7.9,8.3,4.0,4.0,-1
7.292,7.5,8.8,10.0,4.0,7.3,-1
6.333,5.0,7.9,8.3,4.0,3.5,-1
8.292,7.5,8.8,10.0,4.0,7.8,-1
6.875,6.3,6.3,8.7,4.0,9.0,-1
7.0,7.5,7.9,9.5,4.0,8.0,-1
7.167,6.3,7.1,10.0,4.0,7.8,-1
7.25,7.5,9.6,9.2,4.0,3.8,-1
8.833,8.1,8.3,7.4,4.0,6.7,-1
8.556,8.1,8.3,8.2,4.0,6.7,-1
9.111,6.9,9.2,7.9,4.0,8.6,-1
9.667,8.8,8.3,8.3,4.0,6.9,-1
10.0,10.0,9.6,8.8,4.0,8.0,-1
9.111,8.1,0.0,7.6,4.0,8.0,-1
6.333,7.5,7.9,6.1,4.0,5.0,-1
7.611,8.8,0.0,4.0,4.0,3.7,-1
7.333,7.5,8.8,6.4,4.0,7.5,0
10.0,9.4,10.0,9.5,4.0,8.0,-1
7.944,8.8,8.8,5.2,4.0,6.1,0
6.0,7.5,0.0,4.6,4.0,4.8,-1
7.278,8.1,9.6,4.8,4.0,3.8,-1
10.0,9.4,10.0,9.6,4.0,8.5,-1
8.944,6.9,9.2,9.0,4.0,6.8,-1
5.222,5.0,0.0,5.4,4.0,5.9,-1
9.833,7.5,9.2,8.9,4.0,8.6,-1
6.111,6.9,0.0,4.8,4.0,6.9,0
7.75,7.5,7.9,7.8,3.0,6.8,-1
4.375,5.0,9.2,6.1,3.0,5.6,-2
6.083,5.6,8.3,7.9,3.0,4.8,0
5.958,5.6,6.3,6.5,3.0,4.3,-1
7.292,7.5,5.0,5.9,3.0,3.0,-2
7.417,5.6,7.9,8.9,3.0,6.8,0
7.083,6.3,8.8,8.4,3.0,2.1,-2
7.042,7.5,7.9,6.3,3.0,2.1,-2
8.5,7.5,6.7,8.4,3.0,8.1,0
7.042,7.5,7.5,7.4,3.0,3.9,-2
7.542,7.5,7.5,8.4,3.0,7.8,-3
6.5,7.5,8.8,7.6,3.0,5.0,-2
7.5,7.5,9.6,8.9,3.0,6.2,2
6.458,7.5,9.2,7.0,3.0,7.0,-2
6.125,7.5,7.9,6.9,3.0,4.8,-1
6.5,5.6,7.1,7.6,3.0,7.5,-1
8.25,7.5,10.0,10.0,3.0,7.0,0
7.875,5.6,7.1,8.1,3.0,8.4,-1
8.125,6.3,9.6,9.2,3.0,7.2,0
7.917,7.5,9.2,9.3,3.0,7.2,-2
6.167,7.5,6.7,6.0,3.0,4.9,-3
7.875,7.5,9.2,7.4,3.0,5.8,0
7.25,7.5,8.8,9.4,3.0,9.3,-2
9.417,8.8,8.3,9.1,3.0,8.7,-1
8.25,8.1,7.1,8.1,3.0,7.5,-1
7.875,7.5,8.3,7.7,3.0,9.3,-2
5.917,7.5,7.5,5.6,3.0,4.5,-2
6.889,7.5,5.8,3.0,4.0,3.6,-1
7.944,7.5,8.3,6.0,4.0,4.0,-1
6.167,7.5,8.3,6.1,4.0,2.5,-1
6.111,5.0,8.8,6.6,4.0,2.9,-1
5.833,7.5,7.9,2.0,4.0,1.2,-2
8.667,7.5,8.3,7.5,4.0,7.8,-2
7.278,7.5,7.1,3.0,4.0,3.3,-2
5.833,7.5,9.6,3.3,4.0,2.0,-1
4.625,6.3,5.4,3.8,4.0,0.0,-1
9.292,8.1,10.0,9.1,4.0,8.7,0
4.625,5.0,7.1,2.7,4.0,0.7,-1
8.0,5.6,8.3,6.6,4.0,7.2,-2
7.292,5.6,5.4,6.3,4.0,8.9,-1
7.625,5.0,9.2,8.3,4.0,7.1,-1
7.458,5.0,9.2,9.2,4.0,6.0,1
6.417,7.5,8.8,6.8,4.0,5.5,-2
5.958,7.5,7.9,6.8,4.0,6.8,-2
6.75,5.0,7.1,8.8,4.0,5.8,-2
5.833,5.0,6.7,7.3,4.0,4.3,0
8.458,5.6,7.5,9.6,4.0,6.7,-1
8.5,7.5,8.3,9.6,4.0,8.8,0
9.208,5.6,7.1,9.2,4.0,6.5,-2
8.0,7.5,9.6,7.8,4.0,5.9,-1
9.75,9.4,10.0,9.7,4.0,8.5,2
7.125,5.6,9.2,5.7,4.0,6.6,-1
6.667,5.0,9.2,7.1,4.0,7.4,-1
9.083,8.1,8.3,9.7,4.0,8.5,0
9.583,8.1,8.3,9.6,4.0,7.7,0
6.292,7.5,8.3,6.6,4.0,4.8,-2
8.5,6.9,9.2,7.8,4.0,6.7,-1
6.292,5.0,7.5,8.8,4.0,6.9,0
9.667,9.4,8.8,10.0,4.0,8.5,0
5.833,7.5,8.8,6.3,4.0,5.0,-1
7.25,5.0,8.8,7.8,4.0,7.6,1
6.833,7.5,7.9,8.3,4.0,7.6,-1
6.0,6.9,6.7,7.7,4.0,5.7,0
7.708,7.5,7.9,8.7,4.0,7.3,1
6.708,7.5,7.9,8.7,4.0,3.7,-4
7.417,5.6,7.9,8.2,4.0,6.7,-3
8.375,9.4,9.2,8.0,4.0,7.4,-1
6.5,7.5,7.5,6.4,4.0,4.6,-1
6.125,5.0,4.6,7.7,4.0,5.0,-3
8.667,8.8,8.8,10.0,4.0,8.4,-2
8.0,5.6,9.2,9.7,4.0,6.7,0
8.667,8.1,7.5,9.4,4.0,8.0,1
8.833,6.3,7.9,7.8,4.0,8.5,-1
3.792,5.0,0.0,0.0,4.0,3.7,-1
5.0,7.5,7.9,6.3,4.0,5.3,-2
5.583,6.3,8.3,6.8,4.0,3.8,-2
7.792,6.3,5.8,8.1,4.0,5.9,-2
7.417,6.9,7.9,6.3,4.0,6.1,-1
6.958,6.3,0.0,5.3,4.0,3.9,0
7.875,5.6,8.3,8.2,4.0,5.4,0
7.667,7.5,8.3,5.9,4.0,6.2,-1
7.625,6.3,7.1,8.4,4.0,7.2,-2
4.958,7.5,7.9,3.4,4.0,1.8,0
7.292,5.6,7.9,8.6,4.0,6.5,-2
7.167,5.0,7.9,7.8,4.0,6.7,0
7.75,7.5,8.8,8.5,4.0,7.1,-1
7.417,7.5,7.1,5.8,4.0,4.4,-1
8.125,7.5,7.5,8.7,4.0,7.9,0
6.167,7.5,0.0,6.2,4.0,5.6,-1
7.792,7.5,6.7,6.4,4.0,6.7,-1
6.5,5.0,8.3,4.7,4.0,4.1,-2
7.75,5.6,8.8,9.0,4.0,5.6,-1
8.458,5.6,10.0,8.8,4.0,7.7,0
7.625,7.5,7.9,7.1,4.0,5.6,-1
7.375,7.5,8.8,6.8,4.0,4.7,-1
8.583,5.6,8.3,7.8,4.0,8.6,-1
6.667,7.5,10.0,6.3,4.0,4.6,-1
7.792,5.0,7.5,8.9,4.0,7.3,-3
6.375,5.6,9.6,8.0,4.0,5.6,-1
3.917,5.0,7.1,3.5,4.0,1.4,-3
7.667,6.9,7.9,7.6,4.0,5.7,0
5.917,5.6,9.2,8.2,4.0,5.7,0
7.583,5.6,6.7,8.6,4.0,6.3,0
9.5,5.6,8.3,9.9,4.0,7.9,1
8.292,5.0,7.5,9.3,4.0,7.9,0
7.25,8.1,0.0,6.3,4.0,5.2,-2
8.208,7.5,8.3,9.2,4.0,7.9,-1
7.25,7.5,8.3,7.7,4.0,6.1,0
7.708,10.0,9.2,7.9,4.0,5.3,0
6.125,7.5,9.2,6.5,4.0,5.0,-1
7.333,6.9,9.6,6.3,4.0,6.9,-2
7.958,6.9,8.8,7.5,4.0,8.3,-2
6.292,7.5,8.3,7.0,4.0,6.5,-2
7.708,5.0,7.9,8.2,4.0,6.6,0
6.833,6.3,8.3,6.1,4.0,4.0,-1
6.833,7.5,10.0,8.3,4.0,5.2,-2
7.792,9.4,10.0,8.3,4.0,4.4,-1
8.292,6.3,7.5,10.0,4.0,7.7,1
8.125,5.6,7.9,9.8,4.0,6.6,-3
6.458,5.6,8.3,8.1,4.0,4.7,-1
8.25,5.6,7.5,7.2,4.0,5.3,-1
8.083,5.6,7.9,9.1,4.0,6.9,2
6.542,7.5,6.7,8.5,4.0,5.5,0
6.5,5.6,8.8,7.9,4.0,6.7,-1
7.208,5.6,8.3,7.3,4.0,6.5,-2
7.5,5.6,7.1,9.8,4.0,7.6,0
7.542,6.3,9.2,9.0,4.0,8.1,0
7.833,5.6,9.2,9.7,4.0,7.9,-2
7.083,6.3,7.9,8.3,4.0,5.9,-1
4.792,6.3,7.5,5.1,4.0,3.2,-1
5.792,5.6,8.3,9.2,4.0,4.9,0
6.875,7.5,7.5,6.8,4.0,5.5,-2
8.917,9.4,9.2,8.9,4.0,7.3,0
9.25,6.9,8.3,9.2,4.0,7.9,-3
6.042,7.5,7.9,6.2,4.0,4.4,-1
5.833,5.6,8.3,9.2,4.0,5.9,-1
9.083,5.6,9.6,9.1,4.0,6.9,0
6.958,4.4,7.9,8.8,4.0,6.8,0
8.458,4.4,0.0,8.8,4.0,6.3,0
8.042,7.5,7.5,9.2,4.0,6.1,0
8.625,6.3,9.2,8.3,4.0,8.1,0
8.458,8.8,9.2,9.5,4.0,6.8,0
6.958,7.5,7.5,8.0,4.0,4.1,-3
7.25,7.5,8.3,8.8,4.0,3.8,0
8.0,7.5,8.8,7.7,4.0,7.2,-3
6.875,7.5,7.9,7.7,4.0,4.5,-2
7.5,7.5,8.3,8.5,4.0,6.6,0
7.917,7.5,8.8,8.9,4.0,5.8,0
7.583,7.5,0.0,6.1,4.0,2.7,-1
7.333,5.0,10.0,9.7,4.0,7.2,-1
7.25,8.8,6.7,6.9,4.0,6.3,0
8.5,8.8,10.0,9.4,4.0,7.2,0
4.708,7.5,8.8,3.6,4.0,2.7,-2
8.5,5.6,9.2,8.9,4.0,6.7,0
3.75,5.0,0.0,6.2,4.0,3.2,-1
8.25,5.0,8.8,9.2,4.0,6.3,0
8.625,7.5,9.2,9.1,4.0,5.1,0
8.292,4.4,8.8,9.7,4.0,7.3,0
5.958,5.0,0.0,6.2,4.0,4.6,0
6.458,7.5,8.3,7.1,4.0,7.5,0
4.917,4.4,7.9,5.6,4.0,5.5,-2
7.542,7.5,7.9,7.3,4.0,6.5,-2
6.917,4.4,0.0,5.2,4.0,5.4,-1
6.875,7.5,8.8,4.3,4.0,2.8,-1
5.708,4.4,7.9,6.7,4.0,7.4,0
4.833,7.5,9.6,3.8,4.0,4.1,-1
5.167,7.5,8.3,8.8,4.0,5.0,0
5.708,7.5,0.0,4.8,4.0,5.8,-3
6.417,7.5,7.5,7.1,4.0,6.1,-1
3.75,5.6,0.0,4.8,4.0,6.0,-1
4.417,7.5,0.0,5.1,4.0,3.4,-1
8.458,7.5,9.2,8.8,4.0,7.6,0
6.958,7.5,9.6,8.4,4.0,6.2,-1
6.833,7.5,9.6,8.7,4.0,3.5,0
5.125,7.5,0.0,6.1,4.0,4.3,-2
6.542,7.5,6.7,5.8,4.0,7.8,0
5.583,7.5,7.9,8.5,4.0,7.0,0
7.292,7.5,7.9,8.5,4.0,7.1,-2
6.125,7.5,6.3,7.3,4.0,4.0,-1
6.375,7.5,8.8,6.9,4.0,3.5,-3
7.833,7.5,0.0,8.1,4.0,6.5,0
6.0,7.5,9.6,8.5,4.0,5.2,-1
4.917,7.5,7.1,4.6,4.0,6.2,-2
5.583,7.5,0.0,4.6,4.0,3.1,0
4.875,7.5,9.6,4.3,4.0,2.6,0
5.708,7.5,8.3,5.3,4.0,5.0,-1
6.208,7.5,7.5,6.1,4.0,6.8,-1
5.833,7.5,9.2,6.4,4.0,3.3,0
6.417,7.5,7.5,6.7,4.0,4.8,-2
8.5,7.5,10.0,9.4,4.0,6.9,0
6.75,7.5,7.9,5.1,4.0,5.7,-1
5.333,7.5,8.8,7.4,4.0,3.8,-1
4.542,7.5,0.0,4.9,4.0,0.0,0
5.5,7.5,7.9,7.4,4.0,3.8,-1
5.583,5.6,10.0,7.6,4.0,4.3,0
6.417,7.5,8.3,7.3,4.0,6.3,-1
7.208,7.5,9.6,7.5,4.0,3.7,0
8.417,7.5,10.0,9.0,4.0,7.8,-1
7.208,5.0,8.8,6.4,4.0,5.1,-1
5.958,7.5,0.0,3.7,4.0,3.7,-2
7.042,5.0,7.1,8.1,4.0,4.7,0
9.125,7.5,10.0,10.0,4.0,7.7,-1
8.708,5.6,9.6,9.7,4.0,8.2,0
7.875,5.0,7.1,8.7,4.0,6.0,-2
9.208,6.3,7.5,9.4,4.0,7.8,0
9.25,7.5,10.0,9.9,4.0,8.4,-1
9.167,7.5,8.3,9.4,4.0,7.6,0
7.875,7.5,8.3,8.2,4.0,5.8,0
7.292,7.5,9.2,7.6,4.0,5.2,0
4.292,5.0,6.7,7.4,4.0,2.9,-1
7.625,7.5,8.3,8.6,4.0,6.6,0
6.625,5.6,10.0,8.1,4.0,6.3,-2
3.875,7.5,9.2,2.8,4.0,0.9,-1
3.75,5.0,9.2,3.6,4.0,1.8,-2
6.917,5.6,10.0,7.4,4.0,5.3,-1
5.542,5.0,7.5,3.8,4.0,1.3,-1
6.708,5.0,8.8,8.5,4.0,5.2,0
6.708,5.6,0.0,6.4,4.0,3.6,-1
6.125,5.6,10.0,7.3,4.0,4.8,0
4.625,7.5,8.8,2.9,4.0,0.9,-3
6.458,7.5,10.0,8.2,4.0,5.0,0
7.042,5.6,8.8,7.2,4.0,5.8,-1
5.625,5.6,0.0,5.8,4.0,3.4,-2
4.417,7.5,5.8,5.6,4.0,3.7,-2
6.625,5.6,10.0,9.2,4.0,5.8,-2
7.917,7.5,8.3,7.7,4.0,6.9,0
6.583,5.6,7.5,5.8,4.0,6.0,-3
6.292,5.0,10.0,7.4,4.0,3.3,-2
7.208,6.3,9.2,6.7,4.0,5.7,-1
7.25,6.3,9.2,8.6,4.0,8.9,0
8.125,6.9,8.3,8.4,4.0,7.9,0
6.958,5.6,9.2,8.5,4.0,7.1,-2
6.417,7.5,9.2,5.7,4.0,5.1,-1
5.833,7.5,9.2,5.3,4.0,3.0,-1
7.0,7.5,7.9,8.3,4.0,8.1,1
6.667,7.5,9.6,6.9,4.0,4.6,-2
5.125,5.6,7.1,5.7,4.0,4.3,-1
7.208,7.5,7.1,8.8,4.0,7.4,-1
7.417,5.6,8.8,9.2,4.0,6.0,0
8.208,6.3,9.2,9.9,4.0,9.1,0
7.333,7.5,7.5,9.2,4.0,7.1,0
5.625,7.5,6.7,6.9,4.0,5.9,0
5.625,7.5,8.8,6.8,4.0,4.0,0
6.625,7.5,9.6,8.8,4.0,5.6,-1
5.958,5.6,6.7,5.1,4.0,3.8,0
5.75,7.5,9.2,4.1,4.0,2.8,-3
5.625,6.3,7.1,5.8,4.0,3.0,-2
4.292,5.0,7.9,3.4,4.0,1.1,-4
6.833,6.3,0.0,5.6,4.0,0.0,-3
7.25,6.3,0.0,7.8,4.0,6.8,-1
6.042,6.3,10.0,3.9,4.0,1.7,-4
7.792,6.9,8.3,8.2,4.0,8.0,0
6.292,7.5,7.9,3.7,4.0,1.8,-3
3.333,7.5,8.8,2.9,4.0,2.3,0
5.917,7.5,9.6,5.8,4.0,0.0,-5
7.375,7.5,7.9,8.0,4.0,6.9,-1
3.833,7.5,8.8,3.6,4.0,2.8,-2
7.417,6.3,7.1,7.9,4.0,6.6,0
5.417,5.6,9.2,6.3,4.0,5.2,0
6.708,5.0,7.1,8.2,4.0,6.8,0
5.875,6.3,5.4,6.9,4.0,3.1,-1
6.042,5.6,8.8,5.8,4.0,6.3,0
6.208,6.9,9.2,7.7,4.0,4.8,-3
5.375,7.5,7.5,7.2,4.0,3.9,-1
5.542,7.5,8.8,7.7,4.0,4.3,-2
5.208,7.5,7.9,6.6,4.0,4.8,-1
5.958,7.5,8.3,6.8,4.0,5.2,-1
4.708,7.5,5.4,4.5,4.0,2.5,-1
6.167,6.9,7.9,7.4,4.0,5.0,0
5.083,7.5,9.2,5.2,4.0,6.5,-1
6.0,7.5,7.9,7.5,4.0,4.5,-2
6.222,5.0,7.9,5.6,3.0,5.2,-3
6.167,7.5,9.6,8.1,3.0,5.2,0
5.889,5.0,7.5,7.0,3.0,4.1,-1
6.0,5.0,5.4,5.4,3.0,5.3,0
5.056,7.5,6.7,5.1,3.0,3.0,0
8.389,6.9,10.0,10.0,3.0,6.1,-1
5.944,7.5,8.8,5.6,3.0,6.8,0
6.111,6.9,8.3,6.9,3.0,5.8,-1
7.5,7.5,9.2,7.7,3.0,5.2,0
8.667,6.9,8.8,10.0,3.0,6.4,-1
8.278,5.6,9.2,9.1,3.0,5.2,0
6.778,5.0,7.1,8.1,3.0,4.7,0
6.611,7.5,9.2,7.3,3.0,3.4,0
8.611,6.9,10.0,9.3,3.0,6.8,0
8.444,7.5,9.5,6.8,3.0,6.0,0
8.944,5.0,10.0,9.7,3.0,9.0,-1
7.333,7.5,8.5,8.8,3.0,2.8,0
7.5,7.5,10.0,7.0,3.0,5.3,-1
5.778,4.4,7.4,6.9,3.0,5.0,0
7.056,7.5,9.5,8.8,3.0,2.5,-2
6.944,7.5,9.0,8.7,3.0,3.7,-1
8.5,8.1,9.5,9.0,3.0,7.5,-1
6.722,3.8,8.0,5.8,3.0,2.9,-2
8.722,4.4,6.9,9.2,3.0,8.0,0
6.833,7.5,9.5,9.4,3.0,7.4,0
7.889,4.4,9.5,8.5,3.0,5.1,-1
7.611,7.5,10.0,9.3,3.0,5.8,0
7.611,7.5,8.5,7.3,3.0,5.8,-1
8.889,7.5,6.9,9.9,3.0,8.1,0
7.667,7.5,9.0,8.2,3.0,6.5,0
7.5,7.5,8.0,7.7,3.0,5.8,-1
7.5,7.5,9.0,6.7,3.0,6.6,-2
7.167,7.5,9.5,7.4,3.0,5.9,-2
7.5,7.5,8.5,8.3,3.0,4.5,0
6.667,5.6,9.5,5.4,3.0,3.6,-1
7.889,7.5,10.0,9.1,3.0,7.0,0
8.0,5.6,9.0,10.0,3.0,8.5,-1
5.833,7.5,9.0,8.7,3.0,1.8,-1
3.944,7.5,9.5,7.7,3.0,3.7,-1
8.611,7.5,10.0,8.8,3.0,6.5,0
8.111,7.5,9.0,7.2,3.0,4.0,-2
8.389,5.6,9.0,8.1,3.0,7.0,0
8.444,7.5,7.0,10.0,3.0,7.5,0
7.333,7.5,8.5,4.3,3.0,4.5,-1
6.056,7.5,5.8,5.0,3.0,4.5,-1
8.278,5.0,10.0,8.4,3.0,4.6,-1
7.778,7.5,8.0,9.6,3.0,8.5,-1
7.556,7.5,7.5,6.5,3.0,0.0,-1
7.5,7.5,9.0,7.0,3.0,4.6,-1
7.5,7.5,9.5,8.5,3.0,5.2,-1
6.778,6.3,7.9,9.2,3.0,5.0,-1
7.5,7.5,8.5,7.9,3.0,7.9,-1
7.056,6.9,10.0,10.0,3.0,2.0,-1
8.167,7.5,9.5,10.0,3.0,8.8,0
7.833,5.0,8.0,10.0,3.0,7.8,0
6.833,7.5,9.5,9.4,3.0,5.5,-1
7.5,6.3,8.5,7.4,3.0,6.7,-1
7.5,5.0,8.0,7.9,3.0,7.3,-1
6.889,7.5,9.0,6.9,3.0,4.8,0
7.611,5.0,8.5,8.2,3.0,7.2,-1
7.667,6.9,9.5,8.0,3.0,8.4,0
7.389,6.9,8.5,5.5,3.0,7.8,0
6.944,5.0,6.4,9.5,3.0,7.3,0
7.944,7.5,9.0,9.8,3.0,6.9,-1
7.667,7.5,9.0,9.5,3.0,5.4,0
7.5,7.5,9.0,9.0,3.0,4.3,-1
6.833,5.6,9.0,7.7,3.0,6.2,-1
7.889,5.6,9.0,6.8,3.0,8.1,-1
6.778,7.5,8.5,8.1,3.0,5.0,-1
4.833,5.0,7.9,4.4,3.0,2.5,-1
6.944,6.9,9.0,8.3,3.0,3.3,-1
7.333,6.3,9.0,7.7,3.0,5.4,-2
7.778,7.5,9.0,9.6,3.0,8.1,0
8.0,6.3,9.0,8.4,3.0,8.1,-1
6.5,5.0,7.4,7.5,3.0,4.9,-1
7.222,5.6,10.0,5.9,3.0,4.0,-1
6.833,7.5,7.0,8.2,3.0,3.7,-1
7.722,5.6,7.9,8.5,3.0,4.5,-2
7.556,7.5,8.0,8.9,3.0,3.5,0
7.722,6.3,7.4,8.8,3.0,4.7,-1
8.056,7.5,10.0,8.1,3.0,5.1,-1
6.778,5.6,9.5,8.8,3.0,4.8,-2
6.778,5.0,10.0,5.4,3.0,4.6,-4
8.444,7.5,9.5,8.6,3.0,5.9,0
8.333,7.5,9.0,8.9,3.0,4.9,0
6.556,6.3,9.0,8.0,3.0,5.6,-1
7.167,6.9,9.0,5.7,3.0,2.8,-2
7.5,7.5,9.0,9.3,3.0,5.5,0
7.5,5.6,6.8,9.3,3.0,4.3,-1
7.444,5.0,9.0,8.5,3.0,1.7,-2
6.722,7.5,6.9,9.6,3.0,4.3,-1
7.222,5.0,9.0,3.7,3.0,3.0,-1
7.5,7.5,9.5,9.3,3.0,6.3,-1
6.944,7.5,9.0,7.3,3.0,5.3,-1
6.0,5.0,9.5,6.2,3.0,3.3,-1
7.333,7.5,9.5,9.5,3.0,6.6,-1
7.056,7.5,8.5,9.3,3.0,6.0,-1
7.333,7.5,8.0,9.7,3.0,3.3,-1
7.5,7.5,7.9,9.7,3.0,7.8,0
7.444,6.3,7.4,6.5,3.0,2.0,-2
7.833,7.5,6.4,8.6,3.0,7.1,-1
7.778,7.5,8.5,9.0,3.0,7.3,-1
7.056,5.6,6.4,8.7,3.0,4.7,-1
7.667,7.5,8.0,9.3,3.0,5.9,-1
8.056,7.5,8.0,8.3,3.0,6.2,0
8.222,8.8,9.5,9.3,3.0,7.2,-1
9.556,7.5,10.0,10.0,3.0,8.0,-1
8.222,7.5,8.0,9.4,3.0,7.5,0
8.389,5.6,7.5,9.2,3.0,6.9,-1
8.0,5.6,9.5,9.0,3.0,4.5,0
9.111,7.5,8.5,9.3,3.0,8.8,0
7.5,7.5,8.5,10.0,3.0,2.5,-1
7.667,7.5,8.4,9.6,3.0,2.3,-1
8.222,7.5,9.0,10.0,3.0,7.5,-1
7.5,7.5,9.0,10.0,3.0,9.0,-1
7.111,7.5,9.0,6.5,3.0,4.6,-2
6.778,7.5,8.0,8.5,3.0,2.5,-1
7.111,7.5,6.8,8.7,3.0,9.5,-1
6.611,7.5,10.0,5.3,3.0,2.7,-1
6.611,7.5,9.5,8.6,3.0,8.5,-1
6.778,7.5,9.0,8.1,3.0,4.5,0
6.611,5.0,10.0,6.8,3.0,5.1,-2
5.778,5.0,8.5,7.3,3.0,2.6,-1
6.778,7.5,9.0,8.1,3.0,5.7,0
6.444,7.5,7.9,6.2,3.0,4.7,0
6.611,7.5,9.5,8.1,3.0,2.0,0
6.611,7.5,8.5,8.3,3.0,5.8,-1
6.889,7.5,8.0,8.7,3.0,7.3,0
6.5,7.5,9.0,4.9,3.0,2.3,-1
5.833,6.9,9.5,9.0,3.0,5.5,0
8.333,7.5,9.0,7.9,3.0,8.0,0
8.222,7.5,10.0,8.2,3.0,7.5,0
8.5,7.5,9.0,9.1,3.0,5.6,-1
7.778,5.0,9.0,7.2,3.0,3.1,0
7.5,7.5,9.0,9.4,3.0,3.8,-1
7.889,5.0,9.5,8.9,3.0,6.9,-1
5.556,7.5,0.0,7.0,3.0,3.5,0
8.111,7.5,9.0,9.7,3.0,5.5,0
8.111,7.5,0.0,6.0,3.0,7.0,-1
8.111,7.5,10.0,9.1,3.0,7.5,-1
6.889,6.3,9.0,6.0,3.0,6.1,-1
7.167,7.5,9.0,5.6,3.0,4.8,-1
7.778,7.5,9.0,8.7,3.0,8.8,-1
5.444,5.0,9.5,8.6,3.0,2.3,-2
7.278,7.5,7.0,7.9,3.0,6.3,-1
8.389,6.3,6.4,8.2,3.0,7.3,-1
7.667,7.5,8.0,8.8,3.0,8.5,-1
5.833,7.5,8.0,7.7,3.0,5.6,-1
7.222,8.1,7.0,9.1,3.0,7.3,-1
5.056,7.5,6.8,8.1,3.0,3.3,-1
7.222,7.5,0.0,6.7,3.0,3.8,-1
6.778,7.5,10.0,8.5,3.0,3.6,-2
7.389,7.5,10.0,7.8,3.0,2.5,-1
7.722,7.5,7.5,8.0,3.0,4.8,-1
8.444,7.5,8.0,7.9,3.0,7.8,0
7.556,7.5,8.5,9.7,3.0,3.3,-1
7.111,5.0,5.8,8.4,3.0,5.5,-1
6.722,7.5,9.5,6.7,3.0,4.1,-1
7.833,5.0,9.0,9.6,3.0,5.7,0
7.5,7.5,8.0,9.7,3.0,6.3,-1
8.056,5.0,3.5,8.5,3.0,6.3,-1
7.056,7.5,9.0,7.0,3.0,2.0,-1
5.889,7.5,8.0,6.1,3.0,4.3,-1
6.0,7.5,9.5,9.1,3.0,3.0,-1
7.667,7.5,8.5,9.2,3.0,5.8,-1
7.556,4.4,9.0,9.3,3.0,5.5,-1
4.5,5.6,0.0,5.0,3.0,0.7,-1
7.056,5.6,8.5,9.1,3.0,4.9,-1
9.5,7.5,8.0,9.2,3.0,9.8,-1
8.444,7.5,9.0,8.8,3.0,6.3,-1
6.889,7.5,9.0,8.0,3.0,5.2,0
6.833,7.5,10.0,7.9,3.0,5.5,-1
6.833,5.0,9.0,4.8,3.0,2.4,-1
6.389,5.0,9.5,8.7,3.0,6.5,-1
5.444,7.5,9.5,4.0,3.0,1.2,-1
7.222,7.5,10.0,9.9,3.0,7.3,-1
9.333,7.5,7.5,9.7,3.0,9.6,-1
7.722,7.5,8.5,8.8,3.0,7.3,-1
6.5,7.5,9.0,7.2,3.0,0.0,0
8.722,7.5,7.9,8.2,3.0,7.7,-1
7.722,7.5,7.5,9.7,3.0,7.0,-1
8.278,7.5,10.0,8.8,3.0,7.1,-1
8.278,7.5,10.0,9.4,3.0,7.2,0
6.944,5.0,6.4,8.3,3.0,5.8,-1
8.056,7.5,9.0,8.9,3.0,8.4,-1
7.556,7.5,8.5,6.8,3.0,5.7,-1
5.833,5.0,6.9,9.2,3.0,5.1,-2
7.556,7.5,8.5,8.8,3.0,8.8,-1
7.444,7.5,8.5,10.0,3.0,8.2,-1
7.889,7.5,9.0,10.0,3.0,9.5,-1
7.333,7.5,8.5,8.8,3.0,6.8,0
7.778,7.5,9.5,9.7,3.0,7.4,1
7.5,7.5,8.5,10.0,3.0,8.8,-1
7.556,7.5,8.5,8.9,3.0,8.0,0
7.556,7.5,9.5,8.0,3.0,8.4,-1
7.278,7.5,9.5,7.3,3.0,7.2,-2
7.222,7.5,8.5,10.0,3.0,7.4,-1
7.556,7.5,8.0,7.4,3.0,4.5,-1
7.833,7.5,9.0,8.2,3.0,9.2,-2
7.056,7.5,8.0,9.3,3.0,7.1,-2
7.056,7.5,8.0,10.0,3.0,5.3,-1
7.722,7.5,9.0,9.3,3.0,6.2,-1
7.778,5.6,9.0,9.6,3.0,8.3,0
5.889,7.5,8.0,9.7,3.0,4.8,0
7.556,7.5,8.0,6.3,3.0,5.8,-2
8.056,7.5,10.0,9.7,3.0,9.9,0
7.833,7.5,6.9,9.5,3.0,7.7,-2
7.5,7.5,9.0,9.4,3.0,7.5,-1
7.333,7.5,7.4,9.6,3.0,7.5,0
7.278,7.5,10.0,6.8,3.0,6.8,-1
7.5,5.0,9.0,10.0,3.0,6.0,0
8.167,7.5,9.5,9.1,3.0,7.5,0
7.556,7.5,10.0,9.5,3.0,6.5,-1
8.056,5.0,0.0,9.4,3.0,9.1,-1
8.167,7.5,9.0,9.3,3.0,8.6,-1
8.167,7.5,10.0,9.9,3.0,8.0,-2
7.5,7.5,8.5,10.0,3.0,6.5,0
6.944,7.5,0.0,6.2,3.0,4.0,-1
6.556,5.0,8.5,8.9,3.0,5.2,-2
9.056,7.5,10.0,9.0,3.0,8.9,-1
8.167,7.5,9.5,9.8,3.0,7.8,-1
7.167,7.5,9.5,9.7,3.0,5.5,0
7.333,5.6,8.5,8.8,3.0,6.0,-1
7.333,7.5,9.0,7.4,3.0,7.1,-2
6.917,7.5,9.0,9.2,2.0,5.1,-1
7.75,5.6,9.5,8.9,2.0,6.0,-1
7.167,4.4,9.5,9.0,2.0,4.8,-1
5.583,5.6,8.5,7.5,2.0,6.8,-2
8.417,6.9,8.5,9.3,2.0,7.5,-1
7.5,5.6,8.5,9.5,2.0,7.0,-1
5.0,6.9,10.0,7.8,2.0,2.5,-3
7.417,6.3,8.0,9.8,2.0,6.5,-1
7.167,4.4,8.5,9.8,2.0,6.5,-1
6.0,5.6,9.5,9.7,2.0,3.3,-1
7.5,7.5,9.5,6.6,2.0,5.5,-2
7.917,5.0,9.0,7.9,2.0,5.6,-1
8.833,5.0,9.5,9.7,2.0,7.6,-1
7.583,6.9,8.0,9.1,2.0,7.2,-2
6.167,6.9,10.0,7.9,2.0,4.2,-1
6.25,6.9,9.0,9.0,2.0,1.9,-2
7.333,6.9,8.5,7.3,2.0,6.6,-2
7.167,5.0,9.5,8.8,2.0,5.5,-1
8.167,6.9,9.5,6.9,2.0,3.3,-1
5.75,6.9,7.9,6.0,2.0,4.0,-2
5.167,5.0,9.5,8.1,2.0,4.4,-2
8.25,5.0,9.0,8.8,2.0,6.4,-1
9.333,7.5,10.0,8.4,2.0,9.4,-1
4.5,5.0,9.0,8.5,2.0,4.3,-3
8.083,7.5,9.5,9.2,2.0,7.1,-1
3.75,5.0,6.9,7.2,2.0,3.8,-1
8.833,7.5,9.0,9.0,2.0,7.4,-1
8.75,7.5,8.0,9.0,2.0,8.0,-1
8.833,7.5,10.0,9.2,2.0,8.5,-1
6.833,5.0,9.5,3.8,2.0,2.3,-2
5.917,7.5,9.0,4.1,2.0,2.9,-2
7.917,7.5,9.5,8.4,2.0,8.5,-2
6.833,7.5,9.5,6.0,2.0,4.8,-1
7.944,6.9,8.0,8.6,3.0,8.3,-3
7.333,5.0,9.5,8.7,3.0,6.8,-2
6.778,7.5,9.0,7.0,3.0,1.3,-1
6.944,7.5,8.5,8.8,3.0,3.7,-1
6.833,7.5,8.5,8.0,3.0,6.8,0
8.944,7.5,9.5,9.9,3.0,8.2,-1
6.944,5.0,9.5,7.2,3.0,7.5,-1
7.0,7.5,8.0,6.1,3.0,2.8,-2
7.111,7.5,9.5,9.1,3.0,7.8,-1
7.111,7.5,9.5,9.3,3.0,9.0,-1
9.611,8.8,9.5,10.0,3.0,9.5,-1
7.222,7.5,8.5,5.8,3.0,3.8,-1
7.167,7.5,8.0,9.6,3.0,7.6,-1
5.889,7.5,7.5,8.9,3.0,5.0,-1
7.222,7.5,10.0,9.0,3.0,4.9,-1
7.333,7.5,8.5,9.4,3.0,7.1,-2
7.333,7.5,8.0,8.5,3.0,4.6,-1
6.889,7.5,8.5,9.1,3.0,5.0,0
8.778,5.6,10.0,9.6,3.0,8.2,-1
6.167,7.5,9.5,9.3,3.0,3.8,-1
8.278,5.6,9.5,10.0,3.0,9.3,0
7.056,7.5,9.5,9.4,3.0,5.8,0
7.611,7.5,8.5,8.6,3.0,7.4,-1
7.389,7.5,9.5,9.3,3.0,7.1,-1
7.778,5.6,8.0,8.5,3.0,8.4,-1
6.278,7.5,7.5,7.4,3.0,4.6,-1
6.889,7.5,8.0,9.4,3.0,7.8,-1
6.0,7.5,8.5,5.5,3.0,1.0,-2
9.0,7.5,9.5,10.0,3.0,9.3,0
7.056,7.5,9.0,10.0,3.0,8.0,0
6.944,7.5,9.5,7.2,3.0,3.7,-1
8.556,7.5,9.5,9.2,3.0,9.1,-1
6.833,7.5,8.5,8.4,3.0,3.9,0
7.167,7.5,9.0,9.7,3.0,5.7,1
7.667,7.5,10.0,9.7,3.0,8.6,-1
8.0,7.5,9.0,9.5,3.0,7.5,-1
8.333,7.5,9.0,9.0,3.0,8.8,-1
7.556,6.9,6.9,9.3,3.0,7.1,-2
6.111,7.5,9.5,9.0,3.0,1.8,-1
7.444,7.5,6.8,8.1,3.0,4.0,-1
7.222,7.5,7.8,9.6,3.0,6.3,-1
7.056,7.5,8.5,7.6,3.0,6.0,-1
8.5,7.5,9.0,9.6,3.0,6.5,0
7.556,7.5,9.5,7.6,3.0,9.5,-2
7.167,7.5,9.0,9.2,3.0,7.9,-1
8.556,7.5,9.0,9.2,3.0,9.2,-2
8.278,7.5,9.5,9.7,3.0,9.6,-2
6.889,7.5,9.5,9.7,3.0,7.3,0
7.278,7.5,7.4,7.4,3.0,8.8,-2
6.778,7.5,8.5,8.9,3.0,6.3,-1
7.333,7.5,8.9,8.3,3.0,6.7,-2
7.333,7.5,9.5,8.0,3.0,9.0,-1
6.833,7.5,0.0,7.5,3.0,6.8,-2
8.222,7.5,9.5,7.7,3.0,7.5,-1
6.0,7.5,3.5,3.8,3.0,3.8,-2
7.389,7.5,7.5,9.0,3.0,8.3,-2
7.722,7.5,9.0,8.9,3.0,6.8,-1
7.333,7.5,8.0,9.2,3.0,7.8,-1
7.278,7.5,7.4,7.6,3.0,1.3,-1
7.0,7.5,7.0,6.7,3.0,6.5,-1
7.333,7.5,9.5,7.6,3.0,9.2,-1
7.278,7.5,9.0,10.0,3.0,7.0,0
7.278,7.5,9.5,9.2,3.0,7.3,0
7.222,7.5,8.5,6.8,3.0,7.0,-2
6.722,6.9,8.5,9.3,3.0,6.3,-1
7.833,7.5,7.3,8.9,3.0,7.7,-1
8.222,7.5,9.5,9.4,3.0,6.5,-1
6.444,6.9,10.0,4.9,3.0,1.5,-1
7.389,6.9,8.5,8.0,3.0,7.3,-1
7.0,7.5,8.5,9.0,3.0,5.8,-1
6.278,7.5,8.5,9.3,3.0,3.9,0
6.611,7.5,8.5,7.4,3.0,5.5,-1
6.778,7.5,9.0,8.4,3.0,4.8,-1
6.778,7.5,9.0,9.3,3.0,6.5,0
7.778,6.9,10.0,9.7,3.0,7.3,-1
6.722,7.5,9.0,8.0,3.0,6.2,-1
8.278,7.5,9.5,8.0,3.0,8.8,-1
6.833,7.5,8.5,8.1,3.0,2.0,-1
8.389,8.1,8.5,9.8,3.0,8.4,-2
7.278,7.5,9.5,8.6,3.0,3.3,-1
7.5,6.9,9.0,7.5,3.0,5.3,-2
7.611,5.6,8.5,8.9,3.0,7.4,-2
7.5,5.6,6.9,8.7,3.0,6.9,-1
8.333,7.5,8.5,9.3,3.0,7.8,-1
7.5,7.5,8.0,9.6,3.0,7.8,0
7.5,7.5,9.5,9.6,3.0,9.3,-1
7.556,7.5,8.5,8.6,3.0,6.8,-2
8.389,7.5,7.5,9.2,3.0,8.3,-2
7.5,5.6,7.4,7.5,3.0,6.3,-1
7.5,7.5,9.5,9.8,3.0,9.0,-2
7.917,7.5,10.0,9.3,2.0,5.6,-1
8.333,7.5,8.0,7.8,2.0,9.3,-1
9.083,7.5,9.5,9.0,2.0,6.9,0
7.917,7.5,9.0,8.3,2.0,7.8,-1
6.083,7.5,9.0,8.8,2.0,6.8,-1
5.25,7.5,6.9,8.7,2.0,5.8,-1
7.167,7.5,9.5,8.8,2.0,6.3,-1
7.25,7.5,9.0,7.4,2.0,6.8,-1
8.833,7.5,9.5,9.1,2.0,7.8,-1
5.833,7.5,8.5,5.6,2.0,4.5,-1
3.75,7.5,6.9,3.3,2.0,2.8,-1
7.833,7.5,9.0,9.7,2.0,6.0,-1
8.167,7.5,8.0,8.8,2.0,6.9,-1
7.417,8.1,8.5,8.2,2.0,8.8,-1
6.75,8.1,8.5,8.5,2.0,8.8,-1
8.583,8.1,8.5,9.2,2.0,9.2,0
6.333,8.1,9.5,8.7,2.0,8.0,0
7.083,8.1,10.0,6.6,2.0,7.4,0
8.167,8.1,8.5,8.6,2.0,9.3,-1
8.583,7.5,10.0,9.4,2.0,7.3,0
9.5,6.9,9.0,10.0,2.0,7.3,-1
7.833,7.5,9.0,8.2,2.0,6.3,-2
7.75,7.5,9.5,8.8,2.0,7.4,-2
8.0,6.9,8.5,8.5,2.0,6.5,-2
8.083,7.5,9.5,9.1,2.0,7.0,-2
8.083,7.5,7.9,5.0,2.0,4.0,-2
7.917,8.1,9.5,7.5,2.0,9.3,0
7.833,5.0,9.0,6.2,2.0,8.0,-1
8.083,8.1,7.5,8.6,2.0,8.8,-1
8.0,8.1,8.5,9.0,2.0,8.3,-1
7.917,7.5,8.5,9.7,2.0,7.9,-1
6.667,5.6,7.4,7.9,2.0,5.8,-1
7.417,7.5,9.5,9.5,2.0,7.0,-1
7.917,8.1,10.0,9.2,2.0,9.4,0
7.917,8.1,9.5,8.9,2.0,6.9,-1
7.667,8.1,9.5,9.8,2.0,5.7,0
7.917,8.1,10.0,9.0,2.0,8.1,0
2.5,7.5,9.0,3.1,2.0,2.5,0
8.167,7.5,8.5,9.0,2.0,6.6,-1
8.083,7.5,7.0,9.3,2.0,8.4,-2
8.083,2.5,9.0,9.8,2.0,8.1,-1
6.0,7.5,5.2,9.2,2.0,7.1,-1
7.083,7.5,9.0,8.7,2.0,9.2,-1
7.417,7.5,9.0,9.3,2.0,8.7,-2
7.0,5.0,10.0,8.6,2.0,6.8,0
6.833,5.0,7.5,7.4,2.0,5.1,-2
6.583,5.0,9.0,8.6,2.0,7.2,-2
6.333,7.5,9.5,6.2,2.0,7.1,-2
8.417,7.5,9.5,6.7,2.0,9.1,-2
8.083,6.9,10.0,8.1,2.0,8.5,-2
7.583,7.5,8.0,8.4,2.0,7.3,-1
7.083,7.5,9.5,3.5,2.0,2.3,-2
8.0,5.0,9.5,8.9,2.0,6.9,-2
6.0,6.3,9.0,7.9,2.0,3.5,-1
5.833,5.0,8.0,5.1,2.0,8.0,-2
7.25,7.5,10.0,8.7,2.0,7.8,-1
7.25,5.6,9.0,6.9,2.0,8.0,-2
7.917,4.4,8.5,8.7,2.0,4.9,-1
5.417,7.5,8.9,8.1,2.0,6.7,-1
7.917,7.5,9.0,7.3,2.0,5.4,-2
7.417,6.3,8.0,8.9,2.0,9.2,0
6.083,7.5,9.0,4.6,2.0,4.2,-2
7.083,7.5,8.0,5.9,2.0,7.6,-1
7.917,7.5,9.5,8.1,2.0,7.6,0
8.333,4.4,10.0,8.1,2.0,8.1,-1
8.167,8.1,10.0,6.6,2.0,5.5,0
8.0,5.6,9.5,5.9,2.0,5.6,0
5.5,8.1,8.0,5.9,2.0,5.0,0
6.583,7.5,10.0,7.5,2.0,4.4,0
6.75,8.1,9.0,7.7,2.0,8.4,0
8.167,8.1,9.5,7.3,2.0,9.1,0
7.25,8.1,10.0,8.7,2.0,8.1,0
8.25,8.8,10.0,8.2,2.0,8.3,-2
7.083,6.9,9.0,8.5,2.0,7.3,-2
7.5,8.8,9.0,7.9,2.0,7.2,-1
6.917,5.6,9.5,8.5,2.0,5.1,-1
7.417,5.6,9.5,7.2,2.0,7.3,-2
8.583,5.6,9.0,9.0,2.0,7.3,-2
7.0,5.6,9.0,8.5,2.0,5.4,-2
9.167,5.6,9.5,9.2,2.0,9.0,-1
7.5,5.6,8.5,8.1,2.0,5.7,0
7.083,5.6,6.4,7.3,2.0,5.9,0
7.5,5.6,8.5,9.0,2.0,7.2,-1
7.417,5.6,9.5,8.4,2.0,6.3,-2
7.5,5.0,8.5,8.7,2.0,7.3,-1
7.5,5.6,10.0,7.9,2.0,4.8,-1
7.5,5.6,9.5,9.7,2.0,6.2,0
7.75,5.6,9.0,8.5,2.0,8.1,-1
7.417,5.6,8.0,9.1,2.0,7.2,0
7.917,7.5,10.0,7.6,2.0,8.8,-2
8.25,7.5,10.0,9.0,2.0,9.1,-1
7.25,7.5,9.5,7.7,2.0,8.8,-1
5.167,4.4,9.5,8.9,2.0,6.8,-2
6.167,7.5,8.5,5.8,2.0,3.8,-2
8.417,7.5,10.0,9.0,2.0,9.5,-2
8.417,7.5,9.5,8.6,2.0,9.1,0
6.917,4.4,10.0,5.8,2.0,7.9,-1
8.083,6.9,9.5,9.2,2.0,9.5,0
7.25,7.5,10.0,7.9,2.0,5.7,-1
8.5,7.5,9.5,9.3,2.0,9.7,-1
8.333,7.5,9.0,9.1,2.0,8.1,-1
7.833,7.5,9.0,8.6,2.0,7.5,-2
8.917,7.5,9.0,9.2,2.0,8.8,-2
8.25,7.5,10.0,9.4,2.0,8.2,-1
7.083,7.5,10.0,9.7,2.0,6.7,-3
7.167,7.5,9.5,9.7,2.0,6.5,-2
7.667,7.5,9.0,8.8,2.0,7.5,0
7.417,7.5,8.5,9.3,2.0,4.3,-1
8.333,7.5,10.0,9.5,2.0,8.7,-2
7.583,7.5,9.5,9.0,2.0,7.0,-2
7.583,7.5,9.0,10.0,2.0,7.1,-2
8.5,7.5,10.0,7.5,2.0,7.9,-1
7.333,7.5,9.5,8.9,2.0,8.3,0
7.5,7.5,10.0,8.3,2.0,7.0,0
7.25,7.5,9.0,5.4,2.0,9.2,-2
7.083,5.0,10.0,6.8,2.0,8.1,-1
7.417,7.5,10.0,7.8,2.0,6.1,0
6.417,4.4,7.9,5.7,2.0,5.7,-2
6.333,4.4,0.0,4.3,2.0,1.7,-1
7.0,7.5,8.0,7.7,2.0,5.3,0
8.833,7.5,10.0,6.7,2.0,7.1,-1
7.083,7.5,9.5,5.0,2.0,2.6,-2
7.167,7.5,8.0,7.6,2.0,6.9,-1
7.75,7.5,10.0,8.9,2.0,8.3,-1
7.0,7.5,9.5,8.4,2.0,6.0,0
6.917,7.5,9.5,5.8,2.0,6.0,0
9.25,7.5,9.5,10.0,2.0,8.2,-1
7.667,7.5,9.0,8.6,2.0,8.4,-1
7.167,5.6,9.0,9.5,2.0,6.1,-2
7.25,7.5,8.5,9.5,2.0,3.4,0
8.667,5.6,10.0,9.3,2.0,8.0,0
7.417,7.5,9.0,9.4,2.0,4.2,0
7.417,7.5,9.0,8.9,2.0,7.8,-2
8.5,7.5,9.5,8.7,2.0,6.5,-2
7.167,7.5,9.5,8.0,2.0,6.2,-1
7.333,7.5,9.5,7.6,2.0,6.0,-2
7.333,7.5,9.5,8.9,2.0,4.1,0
7.333,7.5,9.0,9.7,2.0,7.3,0
7.667,7.5,9.5,9.3,2.0,5.4,-2
7.5,7.5,9.0,8.5,2.0,7.3,-2
7.667,7.5,8.0,8.3,2.0,6.3,-2
7.917,7.5,8.0,9.6,2.0,7.8,-2
7.5,7.5,8.0,5.4,2.0,6.1,0
7.5,7.5,7.0,6.6,2.0,6.8,-1
8.333,7.5,9.0,9.0,2.0,8.3,-1
7.417,7.5,10.0,7.2,2.0,6.3,-2
7.667,6.3,10.0,8.4,2.0,4.8,-2
7.333,7.5,9.5,9.0,2.0,8.8,0
7.917,7.5,9.5,7.3,2.0,6.6,0
7.5,6.3,9.5,8.7,2.0,9.0,0
8.0,6.3,10.0,9.1,2.0,9.3,0
7.417,6.3,10.0,6.6,2.0,6.3,0
7.25,5.0,8.5,9.1,2.0,9.6,0
7.667,5.6,8.9,5.7,2.0,7.3,-1
7.333,5.6,9.0,8.1,2.0,7.4,0
7.417,6.9,9.5,6.5,2.0,6.0,0
8.417,6.9,8.9,9.0,2.0,7.5,-1
7.0,5.6,10.0,7.9,2.0,6.5,-1
9.417,7.5,10.0,9.3,2.0,9.6,-1
7.417,6.3,10.0,8.7,2.0,7.1,0
7.5,7.5,9.5,7.3,2.0,6.2,0
7.333,7.5,10.0,7.9,2.0,7.3,0
7.583,6.9,9.5,10.0,2.0,6.0,-1
6.917,7.5,9.0,7.0,2.0,4.6,-2
7.083,7.5,8.0,8.4,2.0,6.1,-2
7.167,7.5,10.0,6.0,2.0,2.8,-2
7.333,6.9,10.0,4.4,2.0,6.0,0
7.917,6.9,7.5,8.2,2.0,7.6,-1
7.5,7.5,9.5,9.6,2.0,5.4,0
8.667,7.5,9.5,7.0,2.0,7.6,-2
7.833,7.5,9.5,7.1,2.0,6.9,-1
7.5,7.5,9.0,8.6,2.0,7.8,0
7.5,7.5,10.0,8.6,2.0,6.0,-1
7.167,7.5,9.5,9.2,2.0,7.2,-1
8.833,7.5,10.0,9.2,2.0,8.8,-1
7.583,7.5,10.0,9.5,2.0,7.8,-1
9.083,7.5,9.0,9.0,2.0,9.0,-1
6.667,7.5,6.9,7.3,2.0,7.5,0
7.583,7.5,8.5,8.3,2.0,9.2,-1
7.5,7.5,8.5,9.0,2.0,8.8,0
9.417,7.5,10.0,7.4,2.0,6.3,-1
6.583,7.5,0.0,5.1,2.0,5.4,-1
7.5,7.5,9.0,8.2,2.0,7.8,0
7.5,7.5,8.5,8.5,2.0,7.2,-2
8.25,7.5,7.5,8.3,2.0,9.1,0
8.417,7.5,8.5,9.0,2.0,9.2,0
8.333,8.1,0.0,5.0,2.0,5.9,0
8.417,7.5,10.0,8.8,2.0,8.7,0
7.917,7.5,9.0,7.2,2.0,5.9,0
7.417,4.4,7.9,8.2,2.0,7.7,-1
7.833,7.5,9.5,7.0,2.0,9.0,-1
7.417,7.5,8.5,8.3,2.0,9.1,-1
7.167,7.5,10.0,7.3,2.0,8.5,0
6.583,7.5,9.0,7.9,2.0,8.3,0
5.5,5.0,9.0,6.8,2.0,2.1,0
8.5,7.5,10.0,9.6,2.0,8.5,0
7.167,7.5,8.0,9.0,2.0,9.3,0
9.0,7.5,10.0,9.6,2.0,9.7,-1
8.0,7.5,10.0,9.1,2.0,8.4,0
9.083,7.5,8.5,8.9,2.0,9.5,-1
7.333,5.6,10.0,7.1,2.0,7.7,0
8.25,7.5,8.5,8.7,2.0,8.9,0
7.75,7.5,9.5,8.5,2.0,8.1,0
8.92,8.13,9.5,10.0,2.0,9.6,0
8.585,8.14,8.5,9.1,2.0,8.9,-1
6.26,3.14,0.0,7.6,2.0,6.3,0
8.5,8.14,0.0,7.6,2.0,6.3,0
7.915,7.52,8.5,8.7,2.0,7.4,0
8.415,8.76,0.0,8.3,2.0,8.6,0
8.415,8.76,9.0,8.6,2.0,8.9,0
8.67,8.76,10.0,9.5,2.0,7.1,0
8.75,8.76,9.0,10.0,2.0,9.6,0
5.165,8.76,0.0,8.5,2.0,1.5,-1
6.84,3.76,9.0,9.5,2.0,6.9,-1
8.5,2.52,0.0,6.7,2.0,4.3,-2
8.67,7.52,8.5,9.7,2.0,7.0,-2
6.67,7.52,0.0,8.2,2.0,4.8,-1
9.845,7.52,9.5,9.5,2.0,7.3,-1
8.835,7.52,10.0,9.4,2.0,7.5,0
7.5,7.52,9.5,9.5,2.0,6.9,-1
7.34,2.52,0.0,9.5,2.0,8.1,-2
8.915,2.52,0.0,9.8,2.0,8.2,-1
8.585,2.52,0.0,9.4,2.0,6.3,0
6.25,7.52,10.0,8.9,2.0,7.3,0
4.16,2.52,9.0,8.6,2.0,4.7,0
8.17,6.89,9.5,9.7,2.0,8.4,0
8.66,4.39,9.0,9.7,2.0,8.8,0
8.665,7.52,9.0,9.8,2.0,8.7,0
9.0,7.52,8.5,9.4,2.0,8.1,0
9.09,7.52,8.9,8.9,2.0,8.4,0
8.83,7.52,9.0,10.0,2.0,8.8,0
9.0,6.89,8.5,9.5,2.0,9.1,0
8.16,2.52,0.0,9.1,2.0,8.3,0
7.995,6.89,9.5,9.5,2.0,7.5,-1
5.84,7.52,9.0,8.1,2.0,6.5,0
10.01,6.89,8.0,9.6,2.0,8.3,0
9.01,7.52,8.5,9.0,2.0,8.5,-1
10.01,7.52,9.5,10.0,2.0,9.3,-1
10.01,7.52,9.5,9.9,2.0,9.4,-1
10.01,6.89,9.0,9.8,2.0,9.1,-2
9.5,7.52,9.5,9.5,2.0,6.8,0
10.01,6.89,9.5,10.0,2.0,8.5,0
10.01,6.89,10.0,9.4,2.0,8.5,0
8.34,7.52,10.0,8.0,2.0,8.3,0
6.265,6.26,0.0,7.9,2.0,7.3,-1
3.32,7.52,0.0,8.1,2.0,6.5,-1
8.01,3.77,9.0,8.5,2.0,7.9,-1
10.01,3.77,9.0,9.8,2.0,9.4,-1
9.34,3.77,10.0,9.8,2.0,9.5,0
8.67,9.38,9.0,9.8,2.0,7.8,0
8.67,3.77,9.5,8.2,2.0,6.0,0
8.595,3.77,8.5,8.7,2.0,7.5,-2
9.01,3.77,0.0,9.1,2.0,7.1,-2
8.18,3.77,0.0,7.8,2.0,8.3,-2
6.5,2.52,10.0,9.3,2.0,3.9,-3
9.01,5.02,10.0,9.6,2.0,7.8,0
6.01,2.52,8.4,7.5,2.0,6.6,-1
5.84,2.52,7.9,9.1,2.0,7.6,-2
7.836666667,7.52,9.0,9.3,2.0,6.4,0
7.946666667,3.77,0.0,8.1,2.0,9.3,0
7.056666667,7.52,9.5,9.4,2.0,8.3,-1
7.833333333,5.63,10.0,10.0,2.0,9.3,-1
8.113333333,7.52,9.5,9.0,2.0,8.4,-1
6.95,7.52,7.5,9.2,2.0,8.6,0
8.336666667,7.52,9.5,9.6,2.0,9.3,0
8.223333333,7.52,9.0,9.0,2.0,7.9,0
8.056666667,7.52,10.0,9.9,2.0,9.2,-2
8.28,7.52,0.0,9.8,2.0,9.2,-1
8.17,7.52,0.0,8.8,2.0,8.9,0
5.68,3.14,7.9,8.3,2.0,7.8,-2
8.085,6.27,9.5,9.6,2.0,6.7,-2
7.01,2.52,9.0,6.7,2.0,3.4,-2
8.34,6.89,7.0,9.8,2.0,7.4,0
9.34,2.52,9.5,8.8,2.0,8.0,-1
8.25,7.52,9.0,8.3,2.0,7.6,-1
8.925,7.52,0.0,8.7,2.0,9.1,-2
7.175,7.52,7.0,9.4,2.0,6.3,-1
8.08,4.39,9.0,7.8,2.0,7.3,-2
8.59,4.38,9.5,9.0,2.0,8.2,-1
9.84,7.52,0.0,7.2,2.0,6.9,-2
6.59,7.52,10.0,7.9,2.0,4.9,-2
9.245,6.89,8.0,8.5,2.0,7.9,-2
8.17,7.52,10.0,6.1,2.0,6.0,0
8.67,7.52,10.0,9.2,2.0,8.7,0
8.67,7.52,10.0,8.4,2.0,8.4,0
9.005,2.52,9.5,9.7,2.0,6.6,-1
6.35,2.52,0.0,7.2,2.0,7.0,0
7.01,2.52,10.0,8.7,2.0,7.7,0
8.09,7.52,0.0,8.4,2.0,5.3,-1
6.35,7.52,9.0,6.3,2.0,6.1,0
6.68,7.52,9.0,9.7,2.0,6.3,0
10.01,3.14,8.5,9.7,2.0,8.4,0
7.675,3.14,0.0,9.5,2.0,5.4,-2
5.925,2.52,8.5,8.4,2.0,7.1,-2
10.01,7.52,9.5,9.9,2.0,7.3,0
10.01,7.52,0.0,7.6,2.0,7.5,-2
5.93,7.52,9.0,5.6,2.0,5.0,0
5.595,7.52,9.0,8.9,2.0,5.4,0
9.84,3.77,10.0,9.5,2.0,7.4,-1
8.01,3.77,0.0,9.5,2.0,6.0,0
9.84,7.52,9.5,9.7,2.0,7.8,-1
7.68,3.77,9.5,9.9,2.0,7.2,-2
8.255,7.52,0.0,9.6,2.0,7.3,0
6.43,2.52,7.9,9.5,2.0,6.4,-2
10.01,7.52,8.0,9.2,2.0,7.3,0
6.265,3.14,10.0,9.9,2.0,6.1,-2
7.095,4.39,9.5,6.9,2.0,5.1,-2
7.095,7.52,9.5,5.3,2.0,5.9,-2
9.51,3.77,9.0,10.0,2.0,6.8,-1
9.255,3.77,9.0,9.7,2.0,6.4,-1
9.67,7.52,8.5,10.0,2.0,9.8,0
9.67,7.52,8.5,9.8,2.0,8.8,0
9.0,7.52,9.0,8.8,2.0,9.0,0
7.6,2.52,8.5,8.2,2.0,7.8,0
9.0,7.52,9.5,7.9,2.0,7.5,0
9.67,7.52,9.0,8.4,2.0,7.7,0
9.67,7.52,9.0,9.6,2.0,8.7,0
9.67,7.52,0.0,9.8,2.0,9.4,-1
8.915,7.52,9.0,10.0,2.0,6.5,0
9.67,7.52,9.5,9.6,2.0,9.2,0
6.59,7.52,10.0,8.7,2.0,6.1,-2
7.5,7.52,8.5,8.4,2.0,4.2,-1
10.01,7.52,9.0,10.0,2.0,5.4,-2
10.01,7.52,0.0,9.5,2.0,7.9,0
9.085,7.52,9.0,7.7,2.0,7.2,-2
7.02,2.52,9.0,8.4,2.0,6.3,-2
8.175,7.52,8.0,10.0,2.0,5.0,0
7.0,2.52,9.5,8.9,2.0,7.1,-2
9.925,7.52,9.5,9.4,2.0,8.0,0
9.345,2.52,8.5,9.8,2.0,7.5,-1
10.01,7.52,10.0,9.1,2.0,7.9,-2
10.01,7.52,9.0,9.2,2.0,6.2,-1
10.01,7.52,9.0,9.6,2.0,8.2,-1
6.67,7.52,9.0,7.6,2.0,7.5,-1
6.84,7.52,8.5,9.2,2.0,7.9,0
7.0,7.52,9.5,9.4,2.0,9.3,0
6.67,2.52,9.5,6.1,2.0,5.6,-2
5.08,7.52,9.0,7.9,2.0,3.3,0
8.34,7.52,9.0,7.6,2.0,0.0,0
6.5,7.52,9.5,8.1,2.0,8.9,0
8.17,7.52,9.0,10.0,2.0,9.3,0
7.67,2.52,10.0,7.5,2.0,7.9,-1
9.09,7.52,9.5,9.7,2.0,8.4,0
8.675,3.77,10.0,9.3,2.0,8.0,-2
8.425,3.77,9.5,9.2,2.0,9.0,0
8.34,3.77,10.0,10.0,2.0,7.3,-1
7.09,3.14,7.4,8.8,2.0,8.3,0
8.005,3.14,0.0,8.3,2.0,7.7,0
8.675,3.14,9.5,8.8,2.0,8.3,-2
7.09,3.14,9.0,8.8,2.0,7.8,-2
8.59,3.77,8.0,9.4,2.0,8.3,-1
7.925,3.77,9.5,6.8,2.0,8.9,-1
6.34,3.14,0.0,9.5,2.0,6.9,-1
10.01,7.52,9.5,9.7,2.0,9.1,-2
8.425,7.52,10.0,9.0,2.0,7.3,-1
9.345,7.52,8.0,7.5,2.0,7.8,-2
8.34,7.52,9.0,9.8,2.0,5.9,-1
9.925,7.52,10.0,9.3,2.0,9.1,0
9.925,7.52,9.0,9.9,2.0,9.0,-1
9.84,7.52,10.0,9.8,2.0,9.3,0
10.01,7.52,10.0,9.5,2.0,9.2,-1
9.0,3.14,0.0,9.2,2.0,7.9,-2
10.01,7.52,9.0,9.6,2.0,9.3,-2
8.84,7.52,10.0,9.6,2.0,7.7,0
5.85,7.52,8.5,10.0,2.0,6.3,-2
8.665,2.52,0.0,8.7,2.0,6.2,-1
10.01,7.52,9.0,9.2,2.0,8.7,-1
7.175,7.52,0.0,9.1,2.0,6.8,-1
7.095,6.27,8.5,8.3,2.0,7.8,-1
8.08,7.52,9.5,9.1,2.0,8.0,-1
10.01,7.52,9.5,9.8,2.0,8.5,-1
8.5,7.52,8.5,9.4,2.0,7.2,-1
7.18,6.27,8.5,8.2,2.0,4.7,-1
7.675,7.52,10.0,10.0,2.0,5.0,-1
7.35,7.52,9.5,8.0,2.0,6.5,-2
10.01,7.52,9.0,9.7,2.0,8.3,-1
8.33,7.52,9.5,9.1,2.0,5.8,0
7.51,7.52,8.5,9.7,2.0,5.5,0
9.84,7.52,8.5,8.1,2.0,9.4,0
8.17,3.77,7.8,6.4,2.0,6.9,0
7.84,3.77,9.0,9.1,2.0,6.0,0
7.415,3.77,0.0,8.6,2.0,5.2,-1
9.34,3.77,9.0,9.1,2.0,8.8,0
7.67,7.52,7.9,9.2,2.0,6.5,0
8.34,6.27,9.5,9.2,2.0,8.6,0
8.085,5.02,8.5,7.4,2.0,5.8,0
9.34,3.77,9.0,9.8,2.0,8.6,0
9.51,6.27,9.5,9.6,2.0,6.0,0
9.34,5.02,0.0,9.8,2.0,6.3,0
9.755,2.52,10.0,10.0,2.0,8.7,-1
9.01,2.52,9.5,9.1,2.0,5.8,0
8.835,2.52,0.0,9.1,2.0,8.6,0
9.415,2.52,8.5,9.9,2.0,8.8,0
9.84,7.52,8.0,9.8,2.0,8.3,0
8.5,2.52,9.0,9.3,2.0,6.8,0
8.83,2.52,9.5,9.1,2.0,8.3,0
9.76,6.27,0.0,9.8,2.0,7.3,0
9.84,7.52,7.9,8.1,2.0,8.5,-1
10.01,2.52,9.5,8.1,2.0,8.3,-1
9.84,10.0,10.0,8.2,2.0,8.7,-1
10.01,7.52,0.0,8.5,2.0,7.8,-1
9.585,3.14,10.0,9.1,2.0,7.7,-1
8.84,3.14,9.5,8.2,2.0,8.0,-2
6.16,3.14,9.5,8.4,2.0,4.6,-2
10.01,3.77,9.5,9.8,2.0,8.6,0
8.67,3.77,7.9,8.5,2.0,5.2,-1
7.265,3.77,9.5,9.4,2.0,6.0,0
7.18,3.77,9.5,7.9,2.0,5.1,-2
10.01,3.77,10.0,9.2,2.0,8.6,-1
8.595,3.77,7.5,8.7,2.0,7.1,0
9.84,3.77,9.5,9.3,2.0,7.9,-2
9.84,3.77,9.0,9.4,2.0,8.3,-1
6.32,3.14,9.5,7.7,2.0,3.4,-2
8.92,3.77,0.0,8.3,2.0,5.9,0
8.585,3.14,0.0,8.8,2.0,8.2,0
8.92,3.77,8.5,9.4,2.0,7.0,0
9.505,3.14,0.0,8.9,2.0,8.3,-1
9.17,7.52,9.0,9.1,2.0,7.8,-1
8.92,7.52,9.0,9.7,2.0,7.0,-1
8.75,7.52,9.0,8.5,2.0,4.0,0
7.835,7.52,8.0,8.5,2.0,8.7,0
7.42,7.52,9.0,9.6,2.0,7.9,0
8.165,7.52,9.5,7.9,2.0,8.8,0
8.0,7.52,9.0,9.3,2.0,8.7,0
8.165,6.89,0.0,8.3,2.0,8.8,-2
7.68,7.52,9.0,7.4,2.0,8.3,0
7.5,7.52,9.0,8.6,2.0,8.4,0
7.01,3.77,8.0,9.1,2.0,8.6,-1
7.84,3.77,0.0,9.0,2.0,8.8,0
8.59,3.77,9.5,10.0,2.0,9.4,0
7.675,3.77,9.5,8.6,2.0,5.2,0
7.845,3.77,10.0,9.9,2.0,6.6,0
5.76,4.39,9.0,9.6,2.0,8.3,0
8.255,3.77,9.0,9.7,2.0,8.2,0
7.786666667,6.27,10.0,9.3,3.0,6.3,-1
7.446666667,7.52,8.5,8.0,3.0,6.9,-1
8.226666667,7.52,8.0,9.0,3.0,6.9,-1
7.73,7.52,10.0,9.5,3.0,6.7,-1
8.116666667,5.02,0.0,8.0,3.0,7.7,-1
8.06,7.52,8.5,9.3,3.0,8.6,-1
8.06,5.02,0.0,8.5,3.0,6.3,0
8.503333333,5.02,0.0,9.4,3.0,6.7,0
7.836666667,5.02,7.5,9.1,3.0,4.3,1
5.896666667,2.52,7.9,7.5,3.0,5.5,-1
8.056666667,2.52,10.0,9.1,3.0,6.1,0
7.893333333,3.77,8.0,9.2,3.0,3.3,0
7.893333333,3.77,8.5,8.5,3.0,4.7,0
9.06,6.27,10.0,10.0,3.0,9.1,0
6.173333333,3.77,8.5,8.3,3.0,6.0,-1
8.336666667,7.52,10.0,9.7,3.0,7.9,-1
8.336666667,6.27,8.0,8.8,3.0,7.3,-1
8.95,6.27,0.0,10.0,3.0,9.8,-1
8.95,7.52,8.5,9.8,3.0,8.0,0
7.836666667,7.52,8.5,8.9,3.0,7.5,0
7.78,7.52,0.0,9.1,3.0,6.4,-1
7.06,7.52,8.5,9.8,3.0,3.2,-3
8.113333333,2.52,8.5,9.9,3.0,5.7,0
7.613333333,7.52,9.0,9.3,3.0,5.8,-1
8.836666667,7.52,8.0,8.3,3.0,7.9,0
8.333333333,7.52,9.5,9.7,3.0,6.0,-1
6.893333333,7.52,8.0,9.6,3.0,6.8,-2
7.946666667,7.52,0.0,9.2,3.0,5.0,-1
8.56,7.52,8.5,9.0,3.0,8.0,-1
8.006666667,3.77,10.0,6.3,3.0,5.4,0
8.39,3.77,8.5,9.7,3.0,6.9,-1
8.45,7.52,7.5,9.2,3.0,8.3,-1
9.396666667,7.52,7.0,8.4,3.0,8.9,-1
7.39,7.52,7.4,7.7,3.0,4.6,-1
7.78,7.52,9.0,9.1,3.0,6.5,-1
7.006666667,7.52,8.0,8.8,3.0,5.9,-1
7.563333333,7.52,8.5,9.5,3.0,6.0,-1
9.006666667,7.52,9.0,8.9,3.0,7.9,-1
8.393333333,7.52,7.5,9.0,3.0,8.3,-1
7.78,7.52,0.0,8.3,3.0,5.8,0
8.67,5.02,10.0,8.7,3.0,7.8,-1
8.67,7.52,9.5,10.0,3.0,6.8,0
8.28,7.52,7.9,7.4,3.0,8.9,-1
8.336666667,7.52,8.0,9.3,3.0,6.0,0
8.336666667,3.77,0.0,9.6,3.0,8.0,-1
8.17,7.52,9.0,8.4,3.0,6.7,-1
8.503333333,5.02,9.0,9.3,3.0,8.0,-1
8.17,7.52,8.0,9.3,3.0,6.5,-1
8.056666667,7.52,8.0,9.9,3.0,6.2,-2
8.06,7.52,10.0,9.3,3.0,6.6,-1
8.003333333,7.52,10.0,7.2,3.0,3.3,-1
8.893333333,7.52,10.0,8.7,3.0,6.2,0
7.836666667,7.52,9.0,9.3,3.0,7.0,0
8.223333333,7.52,9.0,9.9,3.0,7.4,-1
8.166666667,3.77,0.0,9.9,3.0,7.9,-1
7.666666667,3.77,0.0,6.5,3.0,4.3,-1
8.166666667,3.77,8.0,9.6,3.0,7.5,-1
8.11,6.27,8.5,9.5,3.0,6.7,-1
7.833333333,6.27,10.0,7.9,3.0,2.5,-1
7.443333333,3.77,9.0,8.7,3.0,5.6,-1
8.336666667,7.52,8.0,9.7,3.0,6.1,-1
8.893333333,3.77,9.5,9.3,3.0,7.0,-1
8.446666667,7.52,0.0,8.5,3.0,5.9,-1
8.39,3.77,9.5,9.1,3.0,7.8,0
8.443333333,7.52,8.5,9.5,3.0,8.4,0
7.113333333,3.77,0.0,8.0,3.0,7.2,0
8.28,7.52,9.5,9.4,3.0,7.9,-1
8.166666667,2.52,9.0,6.0,3.0,5.6,-2
8.223333333,3.77,0.0,8.5,3.0,6.3,0
7.893333333,3.77,10.0,8.5,3.0,6.9,0
8.056666667,3.77,8.5,7.3,3.0,5.9,-1
8.5,3.77,8.5,9.5,3.0,8.2,-1
7.943333333,7.52,10.0,7.7,3.0,6.3,-1
8.223333333,6.27,9.0,9.2,3.0,7.2,-1
8.613333333,6.27,8.5,8.9,3.0,8.4,0
7.946666667,3.77,0.0,9.8,3.0,6.5,-1
7.833333333,7.52,0.0,9.0,3.0,5.3,0
8.67,7.52,8.5,9.8,3.0,9.0,-1
7.393333333,7.52,8.0,9.8,3.0,7.9,-1
8.393333333,7.52,0.0,9.0,3.0,8.1,-1
7.113333333,3.77,9.5,9.0,3.0,6.5,-1
6.836666667,3.14,9.5,5.6,3.0,6.7,-2
7.5,5.02,9.5,8.1,3.0,6.4,-1
7.393333333,5.02,7.5,7.5,3.0,3.6,-1
7.616666667,3.77,9.0,7.9,3.0,5.0,-2
7.223333333,3.14,0.0,8.0,3.0,7.4,-2
7.783333333,7.52,9.5,7.8,3.0,7.5,0
7.673333333,3.77,10.0,8.2,3.0,7.4,-1
8.616666667,6.27,0.0,9.1,3.0,8.6,0
7.45,3.14,8.5,7.6,3.0,6.8,-1
6.89,3.14,0.0,5.6,3.0,6.4,-2
7.836666667,7.52,8.5,8.6,3.0,6.6,-2
7.276666667,7.52,0.0,7.2,3.0,5.5,-1
8.56,7.52,10.0,9.6,3.0,8.5,-1
8.39,7.52,9.0,9.2,3.0,8.6,-1
7.223333333,7.52,0.0,7.0,3.0,3.5,-1
8.056666667,7.52,8.5,8.4,3.0,7.2,-1
8.113333333,7.52,8.5,9.6,3.0,8.1,0
7.723333333,7.52,0.0,8.1,3.0,5.3,-2
8.336666667,7.52,9.0,10.0,3.0,8.7,0
7.67,3.14,10.0,9.1,3.0,5.8,-2
8.62,7.52,8.5,7.9,3.0,8.2,-1
8.45,7.52,9.5,8.9,3.0,9.4,-2
8.223333333,7.52,8.5,8.5,3.0,6.0,-1
8.336666667,4.39,10.0,8.7,3.0,8.7,-1
8.17,7.52,8.0,7.5,3.0,6.8,-1
8.113333333,7.52,10.0,7.5,3.0,6.2,-1
8.283333333,2.52,7.9,9.8,3.0,6.9,0
8.783333333,7.52,10.0,9.5,3.0,7.3,-1
8.67,7.52,9.0,8.5,3.0,8.8,-1
6.72,7.52,8.5,7.0,3.0,2.7,-1
8.286666667,7.52,0.0,8.1,3.0,7.4,-2
7.393333333,7.52,6.9,7.4,3.0,7.0,-1
8.116666667,7.52,9.0,9.6,3.0,8.0,-1
8.12,7.52,9.0,9.7,3.0,8.4,-1
8.34,7.52,10.0,10.0,3.0,6.3,0
7.95,7.52,10.0,9.4,3.0,7.5,-1
8.283333333,7.52,10.0,9.5,3.0,8.5,-1
7.336666667,6.27,8.5,7.1,3.0,5.8,-1
8.116666667,7.52,0.0,9.0,3.0,6.9,-1
7.446666667,7.52,10.0,8.3,3.0,6.3,-1
7.62,3.14,10.0,8.7,3.0,5.4,0
6.94,3.14,10.0,8.0,3.0,3.1,-1
8.73,3.14,7.9,8.1,3.0,8.1,-1
8.673333333,2.52,10.0,9.8,3.0,7.6,-1
9.286666667,3.77,9.0,9.7,3.0,9.7,-1
8.673333333,3.14,9.0,8.6,3.0,5.7,-1
8.226666667,2.52,9.5,4.9,3.0,5.2,-1
9.23,3.14,9.0,9.4,3.0,8.4,0
8.836666667,3.14,9.5,9.7,3.0,9.3,-1
8.503333333,3.77,7.4,7.7,3.0,6.2,0
8.616666667,3.14,10.0,9.7,3.0,7.6,-1
8.56,3.77,10.0,9.5,3.0,7.4,-1
8.673333333,3.77,9.0,8.6,3.0,5.7,-1
9.23,7.52,9.5,9.9,3.0,6.4,-1
8.84,7.52,0.0,9.3,3.0,6.3,0
7.89,7.52,9.5,9.5,3.0,5.9,-1
8.56,7.52,0.0,9.2,3.0,7.8,0
8.84,7.52,8.5,9.8,3.0,8.6,-1
8.84,7.52,8.5,9.6,3.0,7.0,-1
8.003333333,7.52,0.0,7.2,3.0,4.8,-2
9.116666667,7.52,7.5,9.8,3.0,7.9,-1
8.783333333,7.52,8.5,6.6,3.0,6.2,-1
9.006666667,7.52,0.0,7.9,3.0,5.4,-1
9.283333333,6.27,9.0,9.9,3.0,9.2,-1
8.67,2.52,8.5,9.6,3.0,6.4,-1
9.283333333,6.89,8.5,9.3,3.0,9.0,-1
8.336666667,6.27,9.0,9.8,3.0,5.5,-1
8.226666667,7.52,9.0,7.8,3.0,7.1,-1
7.233333333,7.52,8.5,8.6,3.0,7.5,-1
8.446666667,6.27,7.3,8.7,3.0,5.2,-1
9.226666667,6.89,9.5,9.6,3.0,8.2,-1
8.446666667,6.89,9.0,9.4,3.0,7.0,-1
9.283333333,7.52,7.5,9.8,3.0,8.9,-1
8.446666667,7.52,0.0,7.3,3.0,4.9,-2
7.836666667,7.52,8.0,8.5,3.0,6.9,0
7.613333333,7.52,9.5,8.2,3.0,7.1,-1
8.893333333,7.52,0.0,8.3,3.0,9.5,0
8.67,3.14,9.0,7.8,3.0,5.8,-1
8.06,7.52,9.5,8.4,3.0,3.9,0
7.446666667,5.64,0.0,8.3,3.0,9.0,-1
6.95,7.52,9.0,8.1,3.0,6.1,-1
8.17,5.64,9.5,9.6,3.0,8.3,-1
7.063333333,5.02,0.0,8.6,3.0,6.5,-1
8.17,7.52,8.0,9.5,3.0,8.5,-1
7.946666667,7.52,9.0,9.4,3.0,6.5,-1
7.12,7.52,0.0,7.5,3.0,7.6,0
7.506666667,7.52,8.0,9.3,3.0,9.4,-1
6.396666667,7.52,9.0,8.6,3.0,3.5,-1
7.89,6.89,9.5,8.8,3.0,5.4,0
7.613333333,7.52,10.0,8.4,3.0,6.2,1
7.173333333,6.27,10.0,8.6,3.0,6.9,-1
8.116666667,6.27,9.0,8.5,3.0,7.3,-1
9.6375,2.52,9.0,10.0,3.0,9.7,0
8.84,2.52,9.5,9.6,3.0,6.0,0
8.7125,5.0,9.0,8.6,3.0,6.7,0
9.17,2.52,8.0,9.3,3.0,5.9,0
9.045,2.52,0.0,8.8,3.0,6.2,-1
8.71,2.52,6.9,9.0,3.0,6.8,-1
8.71,5.0,0.0,7.1,3.0,8.3,-1
6.885,2.52,5.3,8.7,3.0,3.5,-2
7.8775,2.52,0.0,9.8,3.0,6.0,-1
8.7525,2.52,8.4,6.4,3.0,6.2,0
9.0025,5.0,0.0,9.6,3.0,5.5,-1
9.7625,2.52,9.0,10.0,3.0,9.7,0
9.0075,2.52,9.5,9.7,3.0,7.5,0
9.26,5.0,8.5,9.9,3.0,9.5,0
8.8775,2.52,9.0,9.7,3.0,8.5,-1
9.0075,2.52,7.9,7.9,3.0,5.8,0
8.3375,2.52,9.5,9.6,3.0,5.0,0
8.4225,2.52,0.0,9.7,3.0,7.3,0
6.8,2.52,6.4,7.5,3.0,3.6,-1
8.6725,2.52,6.4,8.6,3.0,7.5,0
8.755,2.52,9.0,8.4,3.0,7.4,-1
8.2975,2.52,5.3,6.8,3.0,6.4,-2
8.505,2.52,0.0,9.6,3.0,8.9,-1
7.13,2.52,9.0,8.1,3.0,7.6,-1
8.13,5.0,7.9,10.0,3.0,1.5,-1
8.59,2.52,10.0,10.0,3.0,6.5,-2
8.4225,2.52,9.5,9.5,3.0,5.0,-1
8.38,5.0,6.8,10.0,3.0,7.5,0
8.59,2.52,9.5,10.0,3.0,7.7,0
8.38,2.52,8.4,10.0,3.0,6.8,0
8.7175,2.52,10.0,9.8,3.0,9.3,0
8.0075,2.52,10.0,8.7,3.0,4.4,-1
8.13,2.52,0.0,9.8,3.0,6.7,-1
8.755,2.52,8.5,9.4,3.0,5.7,-1
8.0475,2.52,10.0,9.5,3.0,5.4,-1
8.84,2.52,8.5,8.1,3.0,8.6,-1
8.2975,2.52,7.9,10.0,3.0,6.6,0
8.7975,2.52,9.5,10.0,3.0,7.9,0
7.9225,2.52,9.5,9.8,3.0,6.8,-1
8.3375,2.52,9.0,9.5,3.0,7.0,0
7.88,2.52,9.0,9.6,3.0,9.0,-1
8.255,2.52,9.5,10.0,3.0,8.7,0
9.1725,2.52,8.5,9.0,3.0,9.5,-1
8.2975,2.52,7.8,9.8,3.0,6.9,-1
8.2975,2.52,7.0,9.3,3.0,9.2,0
8.3375,2.52,7.8,9.5,3.0,8.5,0
8.005,2.52,0.0,9.8,3.0,5.3,-1
7.5875,2.52,5.8,9.0,3.0,8.4,0
7.92,2.52,10.0,9.7,3.0,9.0,-1
6.7125,2.52,4.1,9.0,3.0,6.6,-1
7.0025,5.0,0.0,7.1,3.0,5.6,0
6.9175,5.0,8.5,8.5,3.0,6.7,0
7.46,5.0,10.0,8.8,3.0,5.7,0
7.42,2.52,6.4,9.2,3.0,8.9,-1
8.0875,2.52,9.5,9.9,3.0,9.6,0
7.7525,5.0,9.5,9.8,3.0,8.8,-1
7.92,5.0,9.0,8.5,3.0,8.2,-1
7.92,2.52,0.0,8.1,3.0,5.4,-1
6.96,5.0,9.5,8.6,3.0,5.4,-2
7.92,2.52,9.5,9.5,3.0,6.4,-1
7.92,5.0,9.5,8.1,3.0,8.5,-1
8.34,2.52,9.0,9.6,3.0,5.2,-1
8.283333333,5.0,10.0,9.2,3.0,7.1,0
8.116666667,5.0,0.0,7.2,3.0,5.3,0
7.56,5.0,9.5,9.5,3.0,7.5,0
8.673333333,2.52,0.0,9.9,3.0,6.8,-1
8.006666667,5.0,9.0,8.7,3.0,5.0,0
8.84,2.52,9.5,8.6,3.0,8.5,-1
8.95,5.0,8.5,8.8,3.0,7.1,0
8.173333333,5.0,6.9,8.2,3.0,8.1,0
7.726666667,5.0,10.0,4.1,3.0,4.0,-1
8.283333333,5.0,0.0,9.9,3.0,7.9,-1
8.226666667,2.52,8.5,9.6,3.0,5.9,-1
8.95,5.0,9.0,9.4,3.0,5.6,0
8.95,2.52,0.0,9.1,3.0,6.2,-1
8.283333333,2.52,9.0,9.1,3.0,7.4,-1
7.39,2.52,7.4,8.6,3.0,4.7,-1
8.953333333,2.52,10.0,9.9,3.0,8.7,0
8.506666667,5.0,10.0,9.4,3.0,7.4,-1
9.063333333,2.52,5.7,10.0,3.0,6.4,-1
8.726666667,2.52,6.4,9.7,3.0,6.2,0
8.45,5.0,9.5,9.8,3.0,6.6,-1
8.393333333,2.52,10.0,8.6,3.0,5.4,-1
8.673333333,2.52,9.0,8.8,3.0,8.4,-1
6.946666667,2.52,7.4,8.1,3.0,3.9,-1
7.84,2.52,0.0,9.7,3.0,8.4,-1
8.673333333,2.52,0.0,9.0,3.0,6.0,-1
9.173333333,2.52,0.0,7.2,3.0,5.7,-1
9.62,5.0,10.0,8.2,3.0,8.9,0
8.003333333,5.0,8.5,9.3,3.0,5.1,-1
6.78,5.0,7.8,9.4,3.0,6.0,-3
6.0,2.52,0.0,8.4,3.0,4.0,-1
8.783333333,5.0,9.0,9.4,3.0,7.5,-1
8.283333333,5.0,0.0,9.3,3.0,4.7,-1
9.006666667,5.0,9.5,9.7,3.0,6.3,-1
9.006666667,2.52,7.8,9.8,3.0,6.5,0
9.396666667,2.52,8.5,9.6,3.0,7.2,-1
7.836666667,5.0,10.0,6.4,3.0,3.4,-2
8.95,2.52,0.0,8.2,3.0,8.2,-1
8.73,5.0,4.6,9.2,3.0,6.8,-1
8.01,5.0,7.0,7.9,3.0,7.6,-3
8.893333333,2.52,0.0,8.5,3.0,8.7,-1
8.173333333,2.52,0.0,8.9,3.0,5.4,0
8.616666667,2.52,9.5,7.9,3.0,6.3,-1
9.566666667,2.52,8.0,8.6,3.0,9.2,-1
8.23,7.52,8.5,9.6,3.0,8.7,-1
8.616666667,7.52,9.0,9.4,3.0,6.3,-1
8.56,2.52,9.5,9.0,3.0,5.8,0
9.343333333,2.52,8.0,10.0,3.0,8.4,0
7.173333333,7.52,0.0,6.0,3.0,5.0,-1
7.503333333,2.52,7.9,8.9,3.0,6.3,-1
9.286666667,2.52,10.0,9.5,3.0,8.5,0
8.56,2.52,8.5,9.8,3.0,4.9,0
7.116666667,2.52,4.0,8.1,3.0,7.3,-1
7.56,7.52,0.0,8.3,3.0,4.0,0
7.39,5.0,9.5,9.2,3.0,4.9,-1
8.616666667,7.52,9.0,9.3,3.0,7.5,0
7.84,7.52,9.0,9.5,3.0,6.8,-1
7.616666667,7.52,6.3,6.3,3.0,3.4,-1
7.946666667,7.52,9.0,9.6,3.0,7.3,0
8.28,7.52,5.3,8.8,3.0,6.0,-1
8.896666667,2.52,10.0,10.0,3.0,7.0,0
8.73,2.52,8.4,9.5,3.0,8.0,-1
7.056666667,6.89,9.5,7.6,3.0,4.5,-2
7.84,7.52,0.0,8.8,3.0,6.3,-1
6.89,5.02,7.9,8.3,3.0,6.0,-1
8.34,3.77,6.3,9.7,3.0,6.5,0
8.843333333,2.52,7.5,9.3,3.0,7.8,-1
8.453333333,3.77,7.3,9.7,3.0,5.9,-1
9.676666667,7.52,9.5,9.6,3.0,8.3,0
8.223333333,7.52,5.1,7.1,3.0,5.5,-1
9.84,6.26,0.0,9.9,3.0,8.0,0
8.616666667,6.89,0.0,9.3,3.0,6.9,0
7.223333333,6.26,6.9,7.5,3.0,5.4,0
8.45,3.77,7.9,8.5,3.0,6.8,-1
7.113333333,7.52,7.3,8.9,3.0,5.3,-1
7.786666667,7.52,9.5,8.0,3.0,3.0,-2
7.446666667,7.52,10.0,9.5,3.0,7.3,-2
7.836666667,6.89,0.0,7.7,3.0,6.5,0
7.613333333,4.39,9.0,9.2,3.0,6.5,-1
7.613333333,7.52,8.5,7.2,3.0,4.8,-1
8.563333333,7.52,9.0,9.1,3.0,8.6,-1
7.613333333,7.52,6.3,8.0,3.0,6.6,-1
7.78,2.52,0.0,8.9,3.0,7.0,0
7.613333333,2.52,7.5,4.7,3.0,3.4,-1
6.783333333,5.02,0.0,6.6,3.0,6.8,-1
7.78,7.52,8.0,8.4,3.0,4.7,-2
6.95,7.52,4.7,7.9,3.0,4.0,0
8.116666667,3.77,9.0,7.1,3.0,9.0,0
7.503333333,7.52,6.8,8.4,3.0,6.2,-1
7.06,3.77,0.0,5.2,3.0,,-1
9.01,5.02,8.5,9.9,3.0,6.9,0
7.503333333,5.02,9.5,7.3,3.0,3.5,-1
7.503333333,6.27,0.0,9.2,3.0,7.8,0
7.503333333,7.52,8.5,8.4,3.0,7.3,0
9.286666667,5.02,7.9,9.9,3.0,9.1,-1
7.503333333,6.27,10.0,6.3,3.0,5.8,-1
9.343333333,6.27,9.5,10.0,3.0,6.5,0
7.56,3.76,8.0,9.7,3.0,6.8,0
7.95,5.02,0.0,9.2,3.0,6.2,-2
6.78,6.27,0.0,6.4,3.0,7.0,-1
8.783333333,7.52,10.0,8.9,3.0,8.4,-1
9.896666667,4.39,8.5,9.5,3.0,8.9,-2
7.896666667,7.52,0.0,9.4,3.0,7.2,0
8.836666667,3.77,9.0,9.3,3.0,6.5,-1
7.95,3.77,0.0,8.2,3.0,9.3,0
7.723333333,2.52,6.8,8.1,3.0,6.6,-1
9.06,6.27,0.0,9.8,3.0,7.9,-1
9.953333333,4.39,0.0,8.3,3.0,9.9,-1
8.896666667,7.52,7.4,9.9,3.0,8.3,-1
7.173333333,7.52,0.0,8.9,3.0,7.3,-1
8.73,7.52,8.5,10.0,3.0,8.2,-1
7.503333333,7.52,10.0,5.6,3.0,5.9,-1
8.616666667,3.77,7.3,7.9,3.0,7.4,-1
8.563333333,5.64,4.7,9.1,3.0,7.4,0
7.286666667,6.27,1.7,8.1,3.0,7.2,-1
9.843333333,6.27,9.5,9.8,3.0,6.5,0
8.566666667,6.27,9.0,9.2,3.0,9.3,-1
7.79,5.64,8.5,9.1,3.0,5.3,0
7.62,7.52,4.7,8.7,3.0,7.3,0
8.176666667,6.89,8.0,8.8,3.0,8.4,-1
7.113333333,7.52,9.0,8.8,3.0,5.9,-1
7.62,6.27,7.4,8.1,3.0,6.3,0
8.343333333,7.52,9.0,10.0,3.0,10.0,0
9.173333333,6.27,9.5,9.2,3.0,6.5,0
9.173333333,7.52,9.5,9.5,3.0,6.1,0
9.673333333,2.52,8.0,9.6,3.0,7.8,0
6.72,6.27,6.8,7.6,3.0,6.7,-1
8.45,6.27,8.5,8.8,3.0,7.8,-1
7.333333333,6.27,9.0,8.5,3.0,6.9,-1
8.95,3.77,6.2,9.2,3.0,7.6,0
9.51,7.52,10.0,9.6,3.0,8.1,-1
9.62,7.52,9.5,9.1,3.0,7.1,0
7.836666667,6.89,9.0,6.9,3.0,5.2,-1
6.106666667,7.52,0.0,7.8,3.0,4.4,-1
5.55,7.52,0.0,7.0,3.0,3.3,-1
7.45,6.89,8.0,8.7,3.0,3.4,-1
7.06,7.52,8.5,7.8,3.0,5.0,0
9.343333333,7.52,9.5,8.7,3.0,7.0,0
6.216666667,7.52,9.5,6.4,3.0,5.3,-1
9.76,3.14,9.6,9.4,4.0,8.2,0
8.9225,7.52,8.8,9.4,4.0,6.4,0
6.2075,6.26,8.8,7.0,4.0,5.3,-2
5.8275,6.89,9.6,7.2,4.0,3.3,-2
9.175,8.76,9.2,8.4,4.0,6.8,-1
8.505,7.51,9.2,7.6,4.0,8.5,-1
8.0025,5.02,0.0,9.4,4.0,8.0,0
7.17,6.26,9.2,8.1,4.0,7.2,0
8.63,4.39,0.0,9.5,4.0,7.8,1
6.965,6.26,9.6,8.8,4.0,3.7,-1
6.7975,2.52,9.6,8.6,4.0,5.2,0
7.4625,5.63,9.6,7.5,4.0,6.9,0
7.5425,7.52,0.0,8.5,4.0,7.2,0
6.9225,6.26,9.2,7.2,4.0,5.7,-2
7.0075,6.26,8.3,8.3,4.0,6.7,-1
7.1725,6.26,8.8,6.8,4.0,4.6,-1
7.255,6.89,0.0,7.5,4.0,5.1,-1
7.84,8.14,0.0,9.4,4.0,6.2,1
7.2125,3.77,7.9,8.6,4.0,5.7,1
8.1725,2.52,8.3,9.8,4.0,7.2,-1
7.835,2.52,9.2,9.8,4.0,6.7,-3
7.545,2.52,7.5,9.5,4.0,8.3,0
6.5025,2.52,9.2,8.5,4.0,3.4,0
7.585,5.0,0.0,9.4,4.0,6.8,-1
7.38,5.0,9.6,9.0,4.0,5.0,-2
8.255,2.52,9.6,9.2,4.0,5.8,0
7.4225,2.52,0.0,7.3,4.0,4.3,0
8.38,7.52,8.3,9.1,4.0,6.7,0
8.255,7.52,0.0,8.9,4.0,7.1,0
8.67,2.52,8.8,9.9,4.0,8.4,0
8.63,7.52,7.9,10.0,4.0,7.2,-1
8.795,2.52,7.9,9.7,4.0,7.7,-1
8.505,7.52,7.5,8.6,4.0,6.6,-2
8.255,2.52,7.5,9.9,4.0,6.9,0
7.9575,2.52,7.9,9.5,4.0,5.7,-1
7.7925,2.52,6.7,9.5,4.0,7.3,0
5.595,2.52,6.7,8.0,4.0,5.6,0
7.67,5.63,9.6,9.3,4.0,5.1,0
6.545,5.0,0.0,8.2,4.0,4.9,-2
6.5425,2.52,0.0,6.4,4.0,4.5,-1
8.625,5.63,0.0,9.3,4.0,8.3,0
7.7925,2.52,8.8,8.7,4.0,5.9,0
8.2925,5.63,9.2,9.2,4.0,8.0,-1
7.7925,2.52,8.3,9.2,4.0,5.3,0
7.34,2.52,0.0,7.7,4.0,6.7,-1
7.0075,2.52,0.0,6.8,4.0,3.0,-1
7.835,5.63,0.0,7.4,4.0,4.2,-2
7.9175,5.63,8.8,8.3,4.0,5.4,0
7.6275,5.0,9.6,7.6,4.0,4.8,0
7.1725,7.52,0.0,4.5,4.0,3.8,-1
7.2975,7.52,10.0,7.5,4.0,4.5,0
7.0875,7.52,0.0,7.5,4.0,5.1,0
6.84,6.89,0.0,8.4,4.0,3.9,-1
7.505,6.89,8.8,9.0,4.0,5.8,0
7.1725,6.26,0.0,9.4,4.0,5.2,-2
7.5,3.14,9.2,8.8,4.0,6.5,0
7.335,2.52,0.0,9.1,4.0,7.3,0
7.0025,6.26,9.2,8.8,4.0,5.7,-1
6.6325,2.52,9.2,7.0,4.0,3.3,-1
7.4175,7.52,9.2,9.9,4.0,6.1,0
7.005,2.52,7.9,8.8,4.0,4.8,0
7.34,2.52,7.5,8.6,4.0,4.3,-1
7.585,2.52,7.9,7.5,4.0,3.5,0
7.1325,2.52,5.8,6.6,4.0,3.1,0
7.17,2.52,9.6,9.5,4.0,4.6,-2
7.2575,2.52,9.6,8.7,4.0,2.7,0
8.63,2.52,6.3,8.1,4.0,6.3,0
7.9175,2.52,9.2,8.6,4.0,6.0,0
7.9175,2.52,9.6,8.4,4.0,5.4,-1
7.795,2.52,9.2,5.4,4.0,4.0,0
7.7525,2.52,9.6,8.6,4.0,5.5,-1
7.38,2.52,9.2,7.7,4.0,3.0,-1
8.17,2.52,7.5,9.4,4.0,8.5,0
8.1275,7.52,0.0,7.6,4.0,5.8,0
6.5875,2.52,5.0,7.5,4.0,4.5,-2
7.5425,3.14,6.3,9.2,4.0,5.2,-1
6.715,6.27,8.3,6.0,4.0,3.4,-1
7.7525,3.77,8.3,8.5,4.0,6.0,0
7.71,5.0,8.8,9.2,4.0,4.9,-1
6.7575,5.0,0.0,7.8,4.0,3.3,-1
7.505,2.52,7.9,7.0,4.0,4.1,0
7.2975,2.52,6.7,7.3,4.0,4.4,0
6.0425,7.52,8.8,5.8,4.0,4.9,-1
7.5425,7.52,6.2,9.0,4.0,6.6,0
7.585,2.52,8.8,8.9,4.0,6.2,0
7.375,2.52,9.2,9.0,4.0,4.1,-1
7.585,7.52,0.0,9.5,4.0,6.5,0
7.8325,7.52,7.1,8.2,4.0,3.7,0
7.75,7.52,8.8,9.3,4.0,7.2,-1
7.6275,2.52,7.9,7.4,4.0,5.0,-1
8.125,6.27,0.0,9.0,4.0,5.0,0
8.3375,2.52,9.2,9.8,4.0,7.6,0
8.2125,7.52,5.4,9.7,4.0,7.8,0
7.75,7.52,0.0,8.9,4.0,5.2,-2
8.045,2.52,8.8,10.0,4.0,8.1,1
7.875,2.52,6.7,9.5,4.0,7.6,0
8.17,2.52,9.2,9.9,4.0,7.3,0
7.5,7.52,9.6,8.6,4.0,7.3,-1
8.3775,2.52,9.2,9.9,4.0,7.5,0
7.5425,5.0,5.4,7.6,4.0,5.0,-1
7.75,2.52,9.2,9.3,4.0,6.4,-1
7.545,2.52,9.2,7.5,4.0,4.8,0
7.2925,5.0,9.2,9.1,4.0,7.3,0
8.0425,2.52,8.8,9.0,4.0,5.2,-2
7.05,7.52,0.0,7.3,4.0,5.1,-2
7.96,2.52,8.3,9.3,4.0,5.3,0
7.9175,7.52,8.3,9.6,4.0,4.8,-2
7.9625,2.52,8.8,7.6,4.0,3.8,-3
7.7925,2.52,8.8,9.9,4.0,6.4,0
7.7925,2.52,6.7,8.1,4.0,6.5,1
8.165,2.52,7.9,8.2,4.0,4.7,0
8.0425,2.52,8.3,9.5,4.0,7.2,0
7.8375,5.0,0.0,6.8,4.0,6.3,-1
6.88,2.52,9.2,7.3,4.0,4.2,0
7.045,2.52,0.0,8.8,4.0,3.5,0
7.2125,5.0,9.2,9.4,4.0,4.8,-1
7.835,5.0,0.0,8.8,4.0,5.7,-2
8.045,7.52,7.5,8.6,4.0,8.1,0
7.46,7.52,0.0,6.5,4.0,6.3,-2
7.5025,7.52,8.3,9.5,4.0,6.8,-2
7.88,7.52,6.7,9.3,4.0,8.3,0
7.835,7.52,0.0,8.2,4.0,6.2,0
8.125,2.52,7.1,7.5,4.0,7.6,-1
5.54,5.0,0.0,7.5,4.0,2.6,-2
6.4575,5.0,0.0,7.9,4.0,4.7,1
7.6725,2.52,8.8,8.9,4.0,7.2,-2
8.0025,5.0,7.5,9.5,4.0,6.3,-1
6.2475,7.52,9.6,6.9,4.0,3.8,-1
6.5775,7.52,8.8,7.7,4.0,5.9,-1
8.88,5.0,7.9,8.4,4.0,8.7,-1
6.8425,7.52,7.1,7.2,4.0,7.0,0
6.5825,5.0,10.0,8.1,4.0,2.7,-2
9.0025,2.52,9.6,9.5,4.0,8.0,0
8.42,2.52,7.9,8.7,4.0,5.9,0
8.17,2.52,8.3,9.4,4.0,6.5,1
8.46,2.52,8.3,7.8,4.0,6.7,-2
8.92,2.52,9.2,9.4,4.0,8.0,1
8.2525,2.52,9.6,8.3,4.0,6.8,0
8.79,2.52,7.1,9.2,4.0,6.0,0
8.2125,2.52,7.9,9.0,4.0,6.2,1
8.71,2.52,9.6,9.4,4.0,7.1,0
8.46,2.52,8.3,9.8,4.0,7.2,1
8.42,2.52,9.2,9.8,4.0,7.8,1
8.46,2.52,7.5,9.7,4.0,6.9,0
8.3775,2.52,7.9,9.4,4.0,6.5,0
8.4625,2.52,0.0,9.7,4.0,7.8,0
8.1225,2.52,8.8,9.7,4.0,6.0,0
8.5025,2.52,8.3,8.6,4.0,5.6,-1
8.3375,2.52,9.2,8.7,4.0,6.8,-1
7.3775,5.0,8.8,6.2,4.0,6.5,-2
8.5025,7.52,7.9,9.5,4.0,7.1,1
7.17,2.52,9.6,4.5,4.0,4.3,-2
7.6275,2.52,8.3,5.3,4.0,6.3,-3
8.045,2.52,8.8,7.9,4.0,7.1,0
9.17,7.52,8.3,9.3,4.0,8.2,1
8.88,2.52,10.0,9.9,4.0,7.2,0
7.7125,2.52,8.8,6.6,4.0,6.9,0
8.2125,2.52,8.8,9.3,4.0,5.7,-2
7.2925,2.52,8.8,4.2,4.0,4.7,-2
7.17,4.38,9.6,8.1,4.0,5.0,-1
7.88,2.52,0.0,6.7,4.0,6.7,-1
7.5475,2.52,8.8,7.6,4.0,6.1,0
8.005,2.52,8.8,7.9,4.0,5.9,-1
7.7125,5.0,8.3,9.5,4.0,5.4,-1
7.3375,2.52,8.8,8.3,4.0,4.8,0
7.2125,2.52,7.5,6.3,4.0,4.2,-2
7.09,4.38,9.6,7.6,4.0,6.6,-1
6.7575,2.52,7.5,8.7,4.0,5.3,-1
8.96,2.52,8.3,9.5,4.0,6.7,-1
7.46,5.63,0.0,7.0,4.0,4.5,-1
6.9175,2.52,7.1,6.7,4.0,4.8,0
8.045,5.0,8.3,8.3,4.0,7.3,-2
9.545,2.52,0.0,9.9,4.0,7.5,-1
9.3775,2.52,7.1,9.7,4.0,7.9,0
7.4175,6.26,10.0,7.9,4.0,4.3,-2
8.8325,2.52,0.0,8.8,4.0,7.3,1
9.5875,2.52,0.0,10.0,4.0,8.1,-1
8.9175,4.39,8.8,9.9,4.0,6.8,0
7.0425,5.63,9.6,8.4,4.0,4.5,-1
7.6275,5.0,0.0,8.4,4.0,7.0,-2
8.3775,5.0,7.5,9.1,4.0,7.5,1
6.05,5.0,0.0,3.7,4.0,3.8,-2
7.3825,6.89,8.8,9.8,4.0,5.5,-2
7.465,2.52,7.5,7.9,4.0,4.6,-1
6.715,2.52,8.8,6.9,4.0,5.3,1
9.005,2.52,8.8,8.8,4.0,7.7,-1
8.7975,2.52,9.6,9.0,4.0,7.4,0
7.75,2.52,9.2,8.7,4.0,3.9,0
7.045,5.0,0.0,9.2,4.0,4.2,0
6.465,7.52,9.2,5.4,4.0,5.2,0
7.3375,5.0,0.0,7.5,4.0,4.7,-1
6.26,5.0,7.5,7.2,4.0,3.7,0
7.6675,2.52,7.9,8.7,4.0,5.8,-1
7.2125,5.0,7.9,5.6,4.0,5.1,-2
7.13,5.0,0.0,7.8,4.0,4.1,0
7.5025,5.0,5.4,6.8,4.0,4.9,0
7.71,2.52,7.9,7.7,4.0,4.5,-2
9.1275,2.52,9.2,9.0,4.0,6.6,0
7.7125,2.52,0.0,9.3,4.0,5.9,-2
8.005,2.52,0.0,9.6,4.0,6.1,0
8.96,7.52,10.0,9.5,4.0,5.7,0
7.71,6.26,7.9,8.1,4.0,4.9,-1
8.295,5.63,7.5,9.5,4.0,7.5,1
8.96,7.52,9.2,9.9,4.0,5.5,0
8.7525,7.52,8.3,9.9,4.0,5.5,-1
8.3775,5.63,0.0,9.8,4.0,5.6,1
9.21,7.52,8.8,8.6,4.0,7.1,0
7.46,6.26,0.0,7.9,4.0,4.0,-1
9.2125,6.27,8.8,10.0,4.0,8.9,0
8.7125,7.52,6.7,9.5,4.0,6.5,0
6.585,2.52,6.3,8.5,4.0,5.5,0
7.13,2.52,8.3,4.6,4.0,4.7,-3
7.6675,5.0,8.8,9.0,4.0,6.1,1
5.375,2.52,0.0,4.8,4.0,3.9,-4
8.88,5.0,9.6,9.2,4.0,7.2,0
8.42,2.52,8.3,9.4,4.0,6.2,1
8.0025,2.52,0.0,8.3,4.0,5.4,-3
7.8775,2.52,7.9,8.1,4.0,6.3,-2
8.045,2.52,6.7,8.3,4.0,5.3,0
7.835,2.52,9.6,8.0,4.0,5.3,-1
7.5475,5.0,6.7,7.6,4.0,4.7,-2
8.09,5.0,8.3,9.2,4.0,7.1,1
6.6675,5.63,8.8,8.6,4.0,5.7,-1
7.4625,5.0,6.3,8.8,4.0,6.0,-1
7.5075,5.0,7.9,9.1,4.0,7.3,0
6.8375,5.0,0.0,9.4,4.0,5.7,-2
6.6275,2.52,7.1,7.4,4.0,4.4,-3
7.835,5.0,9.2,7.7,4.0,5.8,-1
8.2975,5.0,8.3,8.6,4.0,7.5,0
7.5475,5.0,6.7,7.3,4.0,5.7,-1
8.3375,2.52,8.3,9.6,4.0,6.5,1
8.0875,5.0,7.5,8.7,4.0,6.0,1
7.9225,5.0,6.7,8.1,4.0,7.4,-1
7.215,5.0,8.8,7.1,4.0,4.2,-1
8.045,5.0,0.0,8.2,4.0,7.5,0
8.2975,2.52,10.0,9.8,4.0,6.4,1
7.215,5.0,6.7,8.4,4.0,7.3,-1
5.59,2.52,5.8,7.3,4.0,2.9,-2
7.9625,6.26,8.3,9.4,4.0,6.7,-1
8.6725,6.26,8.8,7.8,4.0,6.4,0
7.255,3.14,0.0,6.0,4.0,5.6,-2
8.2125,5.0,6.2,9.5,4.0,7.9,-1
8.0875,5.0,6.7,9.1,4.0,6.2,-2
7.545,5.0,9.2,9.2,4.0,4.3,-2
7.5875,5.0,0.0,8.5,4.0,7.0,0
6.8725,5.0,0.0,6.4,4.0,4.0,0
8.1725,7.52,0.0,7.8,4.0,7.9,-2
7.8425,6.27,8.8,8.9,4.0,5.7,-1
8.7575,3.77,9.2,9.6,4.0,7.8,0
6.8,5.0,8.3,7.8,4.0,2.2,-1
7.715,2.52,7.5,8.7,4.0,6.5,0
6.505,2.52,7.5,7.9,4.0,5.3,-1
5.6275,2.52,0.0,7.7,4.0,2.6,-3
6.88,2.52,7.1,6.3,4.0,6.0,-2
6.0,2.52,0.0,5.2,4.0,4.4,1
6.67,7.52,7.1,7.6,4.0,3.3,-1
8.1725,7.52,10.0,9.6,4.0,7.7,1
7.8375,5.0,8.8,9.9,4.0,7.9,-2
6.4225,6.89,0.0,9.6,4.0,4.7,0
7.8775,2.52,9.2,10.0,4.0,7.2,-1
6.5875,5.0,7.9,8.1,4.0,4.4,-2
7.795,2.52,7.5,9.6,4.0,7.2,-1
7.2125,2.52,9.6,8.8,4.0,6.3,0
6.255,5.0,0.0,7.3,4.0,4.3,-2
6.755,5.0,7.5,7.2,4.0,5.2,-2
7.46,2.52,8.8,8.3,4.0,5.0,-1
7.2125,5.0,7.5,8.7,4.0,6.1,-1
7.085,6.26,9.2,9.2,4.0,5.0,-3
7.8775,6.26,9.2,8.5,4.0,8.1,-2
7.4625,6.26,7.5,8.9,4.0,8.1,0
7.085,2.52,8.8,9.2,4.0,4.8,-1
7.71,2.52,9.2,7.4,4.0,6.4,0
7.7125,2.52,8.8,8.3,4.0,5.6,-2
8.63,2.52,7.1,9.9,4.0,6.8,2
7.63,5.0,8.8,9.0,4.0,5.5,0
6.2525,2.52,8.8,8.8,4.0,6.2,0
7.7125,5.0,7.5,9.4,4.0,7.4,-1
7.545,2.52,7.1,9.0,4.0,6.0,1
7.795,2.52,0.0,7.3,4.0,5.8,1
6.9625,2.52,0.0,8.2,4.0,5.8,-1
8.09,5.0,9.6,9.4,4.0,4.7,-1
7.795,2.52,6.7,9.2,4.0,7.3,0
7.7125,5.0,7.1,9.1,4.0,6.2,-1
7.715,5.0,8.3,8.9,4.0,4.2,-1
7.715,2.52,0.0,8.4,4.0,6.0,-2
7.755,7.52,7.5,8.2,4.0,5.9,-1
7.6725,6.89,9.6,9.8,4.0,7.4,0
7.7125,6.26,6.7,9.8,4.0,6.6,-2
7.5875,5.63,9.2,9.1,4.0,7.7,-2
7.5875,5.63,7.9,6.7,4.0,5.0,-1
7.545,3.14,7.9,8.1,4.0,7.1,-1
7.17,5.01,0.0,8.5,4.0,6.9,-2
7.1725,5.0,7.1,5.6,4.0,4.1,0
8.1725,6.26,7.1,9.6,4.0,7.9,0
7.8,5.0,9.6,9.5,4.0,7.8,0
7.755,5.63,0.0,8.0,4.0,7.2,-1
8.3825,6.26,0.0,9.7,4.0,8.1,0
8.4225,5.63,7.5,9.6,4.0,7.2,-2
7.795,5.63,9.6,9.0,4.0,7.9,-2
8.0025,6.26,0.0,7.7,4.0,6.7,-2
7.59,5.0,5.8,6.2,4.0,7.6,-1
7.4625,6.26,8.3,7.0,4.0,6.2,0
8.9675,6.89,6.7,9.0,4.0,8.7,-1
7.9625,6.89,7.5,9.2,4.0,6.7,-1
7.6275,6.26,6.7,8.4,4.0,7.7,0
8.59,7.52,8.3,9.9,4.0,8.3,-1
7.465,6.89,8.3,8.4,4.0,6.3,-1
7.4675,6.89,10.0,7.4,4.0,7.4,-1
7.38,5.63,0.0,7.9,4.0,5.9,-1
7.045,5.63,9.6,9.4,4.0,6.7,-1
7.84,7.52,9.6,8.9,4.0,6.4,-1
7.1325,5.0,7.5,9.2,4.0,5.3,-1
7.38,5.63,8.8,6.5,4.0,6.3,0
7.63,5.0,0.0,9.0,4.0,6.8,-1
7.6725,2.52,0.0,8.8,4.0,6.0,-2
7.4225,5.63,7.9,8.3,4.0,4.5,-1
8.385,5.63,7.5,10.0,4.0,9.3,0
7.465,5.0,8.3,8.1,4.0,5.1,-1
8.09,6.26,9.2,9.1,4.0,8.7,-1
8.8825,6.89,6.7,7.7,4.0,6.9,0
6.005,5.63,7.1,10.0,4.0,6.8,-1
6.8775,3.77,0.0,8.2,4.0,7.9,0
8.1725,5.63,7.9,9.4,4.0,7.8,-1
8.215,6.89,0.0,9.8,4.0,7.5,0
7.2925,5.0,8.8,9.3,4.0,9.0,0
8.8825,7.52,9.6,9.7,4.0,7.7,0
7.6325,5.0,8.3,9.4,4.0,8.0,-1
8.7575,7.52,9.6,9.1,4.0,7.8,0
5.4,6.3,10.0,8.7,3.0,8.0,0
7.1,3.8,10.0,9.3,3.0,8.0,0
7.0,3.8,10.0,9.1,3.0,8.0,0
7.2,3.8,8.0,9.8,3.0,7.0,-1
4.2,3.8,9.0,4.2,3.0,7.5,-1
7.8,6.3,10.0,10.0,3.0,8.3,-1
9.7,7.5,9.5,10.0,3.0,10.0,-1
6.3,7.5,9.0,8.6,3.0,7.5,-2
8.3,6.3,10.0,9.5,3.0,8.5,-1
7.8,6.3,7.9,9.5,3.0,9.3,-1
8.1,6.3,9.5,9.5,3.0,9.5,-1
8.2,6.3,10.0,8.8,3.0,8.8,-1
7.9,6.3,9.5,8.1,3.0,9.3,-1
8.3,6.3,8.5,9.3,3.0,9.8,-1
7.5,7.5,9.0,7.4,3.0,8.5,-1
8.3,7.5,10.0,9.2,3.0,9.0,-2
8.0,6.3,10.0,9.0,3.0,8.8,-1
7.9,2.5,9.0,9.3,3.0,10.0,0
8.4,2.5,9.5,9.5,3.0,9.8,-1
8.9,2.5,10.0,8.8,3.0,8.0,0
4.6,2.5,8.0,5.1,3.0,7.0,0
8.2,2.5,10.0,9.3,3.0,7.8,-1
7.3,2.5,9.0,8.0,3.0,10.0,0
6.2,7.5,7.0,9.4,3.0,7.8,-1
8.3,7.5,10.0,10.0,3.0,8.8,-1
7.9,7.5,9.5,9.5,3.0,8.3,-1
8.3,7.5,8.5,10.0,3.0,8.5,-1
7.9,7.5,7.5,4.8,3.0,8.3,-1
8.3,7.5,8.0,9.5,3.0,8.5,-1
8.3,6.9,9.0,10.0,3.0,8.5,-1
7.6,7.5,9.5,10.0,3.0,7.8,-2
6.6,2.5,8.0,6.9,3.0,7.5,-1
4.7,2.5,9.0,5.7,3.0,7.8,-1
8.3,2.5,10.0,9.5,3.0,7.5,0
8.3,2.5,9.0,8.4,3.0,6.5,-1
4.3,2.5,8.5,3.2,3.0,5.5,-1
6.8,2.5,9.5,9.8,3.0,9.3,-1
7.0,2.5,8.5,7.9,3.0,5.3,-1
7.2,2.5,9.5,8.4,3.0,6.5,-1
8.3,8.1,9.5,10.0,3.0,8.8,-1
7.4,7.5,9.5,6.6,3.0,6.8,0
7.1,7.5,8.5,7.6,3.0,6.5,-2
8.7,7.5,9.5,8.8,3.0,6.0,-1
8.6,2.5,8.5,8.8,3.0,9.0,-1
6.0,2.5,9.5,2.9,3.0,7.0,-1
5.0,2.5,10.0,5.4,3.0,4.0,0
9.2,2.5,10.0,10.0,3.0,10.0,0
6.5,8.1,9.0,8.0,3.0,6.0,-2
8.1,2.5,8.5,8.7,3.0,4.8,-1
7.9,8.1,9.0,10.0,3.0,9.8,-1
7.2,2.5,9.0,9.8,3.0,9.3,-2
6.8,7.5,7.5,7.7,3.0,7.3,-1
6.9,7.5,9.0,9.5,3.0,7.3,-2
6.2,2.5,7.9,8.7,3.0,2.8,-1
8.2,7.5,9.5,7.7,3.0,8.3,-1
5.4,6.3,10.0,5.8,3.0,5.5,0
5.9,7.5,10.0,7.4,3.0,6.0,-1
8.2,7.5,9.0,9.2,3.0,7.5,0
8.2,2.5,8.5,9.4,3.0,10.0,0
8.4,2.5,9.0,9.2,3.0,0.0,0
8.3,7.5,10.0,8.3,3.0,6.5,-1
8.4,7.5,9.5,8.1,3.0,6.3,0
7.4,7.5,7.4,8.5,3.0,9.0,0
8.5,7.5,6.8,8.3,3.0,9.0,0
7.5,7.5,8.5,8.7,2.0,6.0,-1
7.5,7.5,9.0,8.2,2.0,7.8,-1
7.5,7.5,7.5,7.1,2.0,10.0,-1
6.7,2.5,7.0,2.8,2.0,6.0,-1
6.8,7.5,8.5,8.1,2.0,4.8,-1
6.2,2.5,8.5,7.3,2.0,2.8,-2
7.4,7.5,7.0,4.6,2.0,7.0,-1
7.3,7.5,8.0,7.0,2.0,4.8,-1
7.5,7.5,7.0,6.5,2.0,7.0,-1
6.5,6.3,7.0,4.7,2.0,5.3,-2
7.3,7.5,8.5,7.7,2.0,5.0,-1
7.5,7.5,8.0,8.7,2.0,8.3,-1
7.5,7.5,9.5,9.3,2.0,7.5,-1
7.5,7.5,8.5,8.4,2.0,5.0,-1
7.5,7.5,8.5,5.8,2.0,8.5,-1
7.5,2.5,9.0,6.8,2.0,8.3,-1
7.0,7.5,9.0,7.8,2.0,3.0,-2
7.5,7.5,9.0,8.9,2.0,8.8,-1
7.5,7.5,9.0,9.2,2.0,8.3,-1
7.5,7.5,10.0,8.2,2.0,8.3,-2
7.5,2.5,8.0,8.4,2.0,6.0,-1
5.9,6.9,9.0,8.9,2.0,8.8,0
8.2,7.5,9.5,9.0,2.0,7.5,0
6.7,7.5,10.0,9.1,2.0,7.0,-1
8.0,7.5,10.0,10.0,2.0,8.5,-1
6.8,2.5,7.9,8.6,2.0,8.5,-1
7.9,7.5,9.0,9.5,2.0,10.0,0
7.2,7.5,9.0,9.3,2.0,4.5,0
7.3,7.5,9.0,9.3,2.0,7.5,0
7.8,7.5,8.5,8.2,2.0,10.0,-1
6.7,7.5,9.5,10.0,2.0,6.5,0
7.9,7.5,10.0,9.3,2.0,9.5,0
7.2,7.5,9.0,7.3,2.0,7.3,0
7.8,7.5,9.0,7.3,2.0,9.0,-2
7.7,7.5,8.5,9.4,2.0,8.3,-2
4.8,5.6,8.5,6.3,2.0,6.3,-2
7.8,6.3,7.5,10.0,2.0,9.3,-1
7.8,7.5,9.5,9.8,2.0,8.5,-1
7.8,5.6,10.0,10.0,2.0,9.0,-1
7.7,5.0,8.0,9.3,2.0,8.8,-1
7.2,7.5,10.0,8.8,2.0,5.5,-2
7.7,7.5,9.0,9.8,2.0,8.8,-2
6.6,2.5,10.0,8.8,2.0,5.0,-2
7.7,7.5,9.5,9.5,2.0,7.8,-1
7.8,2.5,9.5,6.2,2.0,9.5,-1
5.7,7.5,8.0,4.7,2.0,6.0,-2
5.3,7.5,8.0,8.7,2.0,3.0,-1
5.3,6.9,8.5,10.0,2.0,8.8,-1
7.0,7.5,9.5,8.4,2.0,10.0,0
6.0,7.5,10.0,9.2,2.0,10.0,-1
4.6,7.5,9.0,7.6,2.0,4.5,-1
5.6,7.5,9.5,9.8,2.0,9.0,-1
8.5,7.5,8.0,10.0,2.0,9.8,0
9.4,7.5,8.5,10.0,2.0,10.0,0
6.8,2.5,9.0,9.5,2.0,8.8,-1
7.8,2.5,9.5,8.8,2.0,4.5,-1
6.8,7.5,8.5,9.5,2.0,6.3,-1
6.1,3.1,8.5,6.6,2.0,6.5,-1
6.7,7.5,9.5,8.1,2.0,5.5,0
6.2,2.5,8.5,8.8,2.0,5.0,-1
6.5,7.5,9.0,8.8,2.0,6.5,-1
8.0,7.5,9.5,9.0,2.0,7.0,-1
7.3,2.5,10.0,9.0,2.0,4.0,-1
8.3,7.5,9.0,7.8,2.0,9.3,-1
6.4,2.5,10.0,6.4,2.0,3.8,-1
7.7,8.1,9.5,9.7,2.0,8.8,-2
7.6,7.5,9.0,9.5,2.0,6.8,-1
7.5,7.5,8.5,9.7,2.0,8.0,-1
7.3,7.5,9.0,9.8,2.0,7.3,-1
7.8,7.5,7.5,8.6,2.0,9.0,-1
7.8,7.5,9.5,10.0,2.0,8.5,-1
7.9,7.5,8.0,8.4,2.0,8.5,-1
7.8,9.4,10.0,10.0,2.0,7.5,-1
7.8,8.8,8.5,10.0,2.0,8.5,-2
7.7,8.1,9.0,9.2,2.0,8.8,-1
7.5,7.5,10.0,9.7,2.0,9.5,-1
7.7,8.1,10.0,9.5,2.0,8.5,-1
6.1,7.5,8.0,9.5,2.0,3.0,-1
7.3,7.5,9.5,8.4,2.0,6.0,-1
7.3,7.5,9.5,9.5,2.0,8.3,-1
7.2,7.5,10.0,6.5,2.0,7.0,-1
6.1,7.5,7.4,7.9,2.0,6.8,-1
7.2,7.5,9.5,8.4,2.0,6.8,-1
6.8,7.5,9.0,6.5,2.0,2.3,-2
6.6,7.5,10.0,9.3,2.0,3.8,-2
7.1,7.5,9.0,9.4,2.0,5.5,0
7.3,7.5,9.5,8.6,2.0,9.0,-2
7.3,7.5,8.0,7.5,2.0,6.8,-1
7.3,7.5,9.0,7.9,2.0,7.3,-1
6.2,5.0,9.2,7.4,2.0,4.0,0
6.2,5.6,8.5,9.0,2.0,6.0,0
6.4,7.5,8.5,7.0,2.0,5.0,0
8.0,5.6,9.5,9.4,2.0,10.0,0
7.3,5.0,8.5,7.7,2.0,8.0,-1
6.9,5.6,10.0,6.9,2.0,8.5,0
7.6,6.3,10.0,7.3,2.0,7.0,-1
7.0,5.6,7.4,10.0,2.0,6.5,0
7.0,6.3,9.0,7.0,2.0,6.0,-1
7.0,7.5,8.0,8.4,2.0,8.8,-1
7.0,6.3,9.0,9.8,2.0,6.5,-1
7.0,7.5,9.0,6.6,2.0,6.5,-1
7.5,7.5,9.5,9.3,2.0,6.5,-1
7.5,7.5,10.0,8.4,2.0,8.8,0
7.5,7.5,7.0,10.0,2.0,9.5,0
7.5,6.3,8.5,8.6,2.0,8.0,0
7.5,6.3,9.5,9.5,2.0,6.5,-1
7.5,7.5,10.0,8.7,2.0,9.0,-1
7.5,7.5,7.5,7.0,2.0,4.5,-1
7.5,8.1,9.5,10.0,2.0,4.8,0
7.5,7.5,9.5,8.9,2.0,6.8,-1
7.5,7.5,9.5,9.3,2.0,5.3,-1
7.5,7.5,9.5,10.0,2.0,8.3,-1
7.5,7.5,9.0,9.6,2.0,9.8,-1
7.3,6.9,9.0,9.5,2.0,8.3,-1
7.0,8.1,9.0,10.0,2.0,5.5,0
7.5,8.1,9.0,9.3,2.0,6.8,-1
5.2,3.8,9.5,8.7,2.0,7.3,-1
7.5,4.4,9.5,8.8,2.0,8.0,0
7.5,7.5,10.0,9.0,2.0,5.0,-1
7.5,8.1,9.5,10.0,2.0,9.5,0
7.5,7.5,8.5,9.8,2.0,7.5,-1
7.5,7.5,8.5,9.3,2.0,8.5,0
5.2,7.5,8.0,7.6,2.0,5.0,-2
7.5,4.4,10.0,10.0,2.0,8.0,-1
7.5,7.5,9.0,9.8,2.0,7.3,-1
7.5,7.5,9.5,8.8,2.0,8.0,-1
7.7,6.9,9.0,8.2,2.0,5.0,-1
8.4,6.9,9.0,9.8,2.0,10.0,0
8.4,5.0,9.5,9.8,2.0,8.3,0
8.2,7.5,8.5,9.3,2.0,10.0,0
7.0,7.5,9.0,5.6,2.0,0.0,-1
8.4,3.8,9.5,7.5,2.0,5.0,0
8.3,7.5,9.5,7.5,3.0,8.0,-1
8.0,7.5,9.5,8.7,3.0,5.8,-1
6.7,6.3,9.0,8.2,3.0,6.5,-1
8.5,6.3,8.5,7.7,3.0,8.3,-1
7.8,7.5,9.5,10.0,3.0,7.8,0
7.7,7.5,9.5,10.0,3.0,6.5,-1
7.8,7.5,9.0,7.7,3.0,9.0,-1
8.6,6.3,9.5,9.3,3.0,8.8,0
8.7,6.3,9.5,9.1,3.0,8.5,-1
8.8,6.9,9.0,9.8,3.0,9.0,0
8.0,7.5,9.5,9.3,3.0,8.0,-1
8.1,6.3,9.5,9.3,3.0,6.5,-1
7.9,6.3,9.0,10.0,3.0,7.0,-1
5.8,6.3,6.3,7.7,3.0,6.5,-1
8.6,7.5,6.9,9.6,3.0,8.0,-1
5.8,4.4,8.5,9.3,3.0,7.3,0
8.2,5.0,9.0,9.8,3.0,6.0,-1
7.8,6.9,8.0,10.0,3.0,6.8,-2
8.6,7.5,6.4,10.0,3.0,7.5,-1
3.2,4.4,6.2,5.9,3.0,3.8,-2
7.9,5.6,10.0,9.1,3.0,8.3,0
7.0,4.4,9.0,6.1,3.0,6.8,-1
7.9,7.5,9.0,10.0,3.0,9.3,0
8.8,7.5,8.0,10.0,3.0,10.0,-1
8.6,8.1,9.0,9.3,3.0,8.5,0
7.9,7.5,10.0,9.8,3.0,5.0,0
7.5,7.5,8.4,6.7,3.0,7.3,0
5.1,5.6,9.0,7.3,3.0,6.0,-1
8.4,5.6,8.0,7.1,3.0,7.5,-2
8.2,7.5,9.0,9.5,2.0,7.8,0
8.0,7.5,10.0,9.1,2.0,4.3,0
5.8,7.5,9.5,8.6,2.0,6.3,-1
7.9,7.5,8.0,10.0,2.0,8.8,0
7.3,6.9,9.0,8.8,2.0,8.8,-1
7.9,7.5,8.5,9.8,2.0,8.0,-1
8.4,7.5,10.0,10.0,2.0,9.5,-1
8.1,7.5,6.9,8.9,2.0,10.0,-2
8.1,7.5,8.5,9.8,2.0,6.5,0
8.4,9.4,10.0,9.5,2.0,8.0,0
7.5,7.5,9.0,9.3,2.0,7.0,-1
6.7,6.3,9.5,7.8,2.0,2.5,-1
7.9,7.5,9.5,9.0,2.0,7.0,-1
7.9,6.3,10.0,9.3,2.0,7.8,-1
8.2,7.5,10.0,9.5,2.0,7.3,0
8.3,7.5,9.0,9.3,2.0,8.8,-1
8.2,7.5,8.5,9.1,2.0,7.5,0
8.2,7.5,8.0,8.0,2.0,5.5,0
6.2,5.0,9.0,4.5,2.0,1.0,-1
8.2,7.5,8.0,8.6,2.0,8.8,0
8.3,7.5,8.0,8.9,2.0,7.5,-1
7.5,7.5,10.0,9.3,2.0,5.8,-1
7.5,7.5,10.0,8.4,2.0,6.8,-1
7.5,7.5,10.0,9.1,2.0,7.3,-1
8.2,7.5,9.0,8.1,2.0,6.3,-1
7.9,6.3,9.5,4.7,2.0,7.8,-1
7.8,6.3,9.0,9.5,2.0,2.8,-1
8.8,7.5,10.0,9.3,2.0,9.8,0
7.8,7.5,7.9,8.4,2.0,6.3,-1
7.9,7.5,9.0,8.6,2.0,7.3,-2
8.8,6.9,9.5,9.3,2.0,8.5,0
4.3,5.6,10.0,5.4,2.0,2.0,-2
7.6,6.3,8.5,9.6,3.0,6.3,0
6.3,6.3,9.5,10.0,3.0,7.0,0
7.1,6.3,8.0,9.8,3.0,6.8,-1
7.0,6.3,8.5,7.5,3.0,7.5,-1
7.0,5.6,8.5,9.6,3.0,5.3,-1
6.4,7.5,8.5,8.3,3.0,7.8,-1
4.7,7.5,8.0,4.8,3.0,4.5,-2
8.3,7.5,8.0,9.3,3.0,8.0,0
7.9,7.5,9.0,9.8,3.0,8.5,0
8.1,6.3,10.0,8.5,3.0,8.5,0
6.5,7.5,9.0,9.3,3.0,9.0,-1
7.4,7.5,8.5,8.7,3.0,7.5,0
7.9,7.5,9.5,9.3,3.0,8.0,0
7.2,7.5,9.0,9.8,3.0,7.0,-1
6.8,7.5,8.5,9.1,3.0,8.3,-1
7.2,7.5,8.0,9.3,3.0,6.5,0
4.5,6.3,7.9,4.0,3.0,0.0,-1
6.6,7.5,10.0,8.0,3.0,8.3,-1
7.4,6.9,10.0,7.3,3.0,7.3,-1
8.8,7.5,8.5,10.0,3.0,7.5,0
6.6,5.6,7.5,8.6,3.0,6.5,-1
4.2,5.0,9.0,6.4,3.0,3.5,-1
6.6,5.0,0.0,4.6,3.0,6.8,-2
8.2,7.5,9.0,9.6,3.0,8.0,-1
4.2,5.0,8.4,5.3,3.0,3.8,-1
5.4,6.3,7.9,5.5,3.0,4.5,-2
6.8,7.5,7.4,8.0,3.0,6.0,-1
7.2,7.5,9.0,6.8,3.0,7.5,-1
7.7,7.5,9.5,7.5,4.0,4.8,-1
6.5,7.5,8.5,5.3,4.0,5.8,-1
9.1,7.5,10.0,10.0,4.0,9.3,-1
6.3,7.5,9.5,6.4,4.0,2.8,-1
6.9,7.5,9.0,8.9,4.0,7.3,-1
5.9,7.5,9.0,6.8,4.0,7.0,-1
5.8,7.5,9.5,5.8,4.0,2.8,-1
5.8,7.5,9.0,5.5,4.0,5.8,-1
6.7,7.5,9.5,8.0,4.0,4.5,-1
8.7,7.5,9.5,10.0,4.0,8.0,-1
8.5,6.3,5.8,9.1,4.0,8.3,-1
6.7,7.5,10.0,7.3,4.0,6.5,-1
5.9,7.5,10.0,5.8,4.0,5.5,-2
5.3,5.0,10.0,8.1,2.0,2.3,-2
8.6,7.5,8.0,10.0,2.0,8.8,0
8.0,7.5,9.5,10.0,2.0,7.8,-1
8.3,7.5,10.0,6.0,2.0,6.0,-1
8.1,7.5,8.5,9.0,2.0,3.8,0
6.5,5.6,7.9,6.0,2.0,0.0,-1
8.3,7.5,10.0,9.0,2.0,8.5,-1
8.4,7.5,9.5,10.0,2.0,8.8,-1
8.3,7.5,0.0,6.9,2.0,5.8,-1
8.2,6.3,10.0,9.5,2.0,7.8,-1
8.6,7.5,10.0,8.3,2.0,6.8,-1
8.1,6.9,9.2,8.1,2.0,7.8,-1
8.3,7.5,9.5,9.3,2.0,7.0,-1
8.3,7.5,9.5,6.9,2.0,3.0,0
5.3,7.5,0.0,8.1,2.0,3.0,-1
5.7,7.5,9.0,7.4,2.0,6.3,-2
8.6,6.3,10.0,10.0,2.0,6.8,-1
8.1,7.5,9.0,9.0,2.0,5.3,0
8.3,7.5,8.5,9.3,2.0,8.3,-1
8.1,7.5,8.5,8.9,2.0,8.0,-1
7.3,5.6,9.0,7.6,2.0,6.8,-1
8.2,5.6,9.5,10.0,2.0,6.0,-1
8.2,6.3,10.0,10.0,2.0,8.0,-1
8.1,5.6,8.0,9.0,2.0,7.3,-1
8.1,7.5,9.5,8.9,2.0,7.8,-1
8.1,7.5,8.5,10.0,2.0,6.3,-1
8.1,7.5,9.5,9.0,2.0,8.3,-2
8.6,7.5,10.0,10.0,2.0,8.0,0
8.1,7.5,9.5,7.9,2.0,7.8,0
8.1,6.3,9.5,9.8,2.0,9.5,-1
9.1,7.5,9.0,7.7,2.0,8.0,-1
8.5,7.5,10.0,10.0,2.0,9.5,-1
8.5,7.5,8.5,9.1,2.0,8.8,-1
9.8,6.3,8.5,8.0,2.0,9.0,-1
9.8,6.3,10.0,10.0,2.0,10.0,0
5.2,6.3,9.0,8.9,2.0,5.5,-1
6.2,7.5,9.5,7.8,2.0,7.5,0
9.1,7.5,10.0,10.0,2.0,9.8,-1
7.2,7.5,7.4,8.7,2.0,8.0,-1
7.9,7.5,8.5,9.3,2.0,8.0,-1
9.2,7.5,10.0,9.0,2.0,7.0,-1
9.3,7.5,7.5,10.0,2.0,8.5,-1
8.2,7.5,9.0,9.5,2.0,4.5,-1
9.0,7.5,9.5,9.1,2.0,8.5,0
5.7,7.5,8.0,8.7,2.0,7.3,-2
7.4,6.3,6.9,7.5,2.0,6.8,-2
7.4,7.5,8.5,5.3,2.0,6.0,-1
7.1,6.9,9.5,6.0,2.0,3.3,-1
9.2,6.3,9.5,9.5,2.0,8.5,0
7.5,5.6,9.0,8.9,2.0,5.0,-1
7.8,6.3,9.0,6.9,2.0,8.5,0
7.8,6.3,9.5,8.9,2.0,7.8,0
7.1,7.5,8.5,5.3,2.0,3.3,-1
7.8,6.3,9.0,9.5,2.0,7.8,0
6.8,6.3,9.0,8.9,2.0,5.3,-1
7.9,7.5,7.5,9.3,2.0,7.8,-1
7.5,7.5,9.5,9.5,2.0,7.3,-1
7.1,6.3,8.0,6.7,2.0,0.0,0
7.5,6.3,9.0,8.0,2.0,5.5,-1
7.8,7.5,9.5,9.7,2.0,5.3,-1
7.4,7.5,9.0,9.1,4.0,6.3,0
6.8,7.5,10.0,8.4,4.0,8.3,0
7.3,7.5,9.0,9.5,4.0,6.0,-2
6.6,5.6,9.0,9.3,4.0,2.3,-1
7.6,6.3,8.5,10.0,4.0,7.5,0
6.8,6.3,10.0,9.3,4.0,8.5,0
7.8,5.6,7.5,9.5,4.0,9.0,-1
7.8,7.5,9.0,9.1,4.0,7.5,0
8.0,7.5,9.5,10.0,4.0,7.8,-1
6.7,4.4,8.5,9.5,4.0,6.0,-1
6.9,7.5,8.5,6.9,4.0,6.8,-1
7.1,7.5,9.0,7.9,4.0,7.0,0
7.9,7.5,9.0,10.0,4.0,8.8,0
8.0,7.5,7.5,9.8,4.0,7.5,0
6.5,6.3,9.5,7.9,4.0,6.0,0
7.2,7.5,9.5,8.3,4.0,7.3,-1
7.0,7.5,7.4,8.3,4.0,6.8,-1
5.7,7.5,9.0,5.8,4.0,8.0,-1
7.5,7.5,9.5,8.6,4.0,3.5,0
8.0,7.5,9.5,9.8,4.0,7.0,0
7.8,7.5,10.0,8.8,4.0,6.0,-1
5.0,7.5,9.5,3.6,4.0,4.8,-1
7.7,7.5,9.0,8.8,4.0,7.8,-1
7.3,5.0,8.0,9.0,3.0,6.3,0
6.7,7.5,8.5,5.9,3.0,4.3,0
7.6,3.8,7.5,8.5,3.0,6.0,-1
8.3,6.3,8.5,6.8,3.0,6.3,1
6.9,10.0,7.5,7.6,3.0,3.8,-1
6.6,5.6,0.0,6.6,3.0,3.0,-1
7.3,6.9,9.0,8.3,3.0,4.5,0
8.2,7.5,9.0,10.0,3.0,7.8,0
7.7,6.3,8.5,7.8,3.0,6.5,-1
8.3,7.5,8.0,5.9,3.0,7.8,0
7.8,7.5,8.0,7.8,3.0,3.5,-1
4.9,4.4,7.0,6.6,3.0,4.3,-1
7.9,7.5,9.5,9.5,3.0,7.8,0
5.7,7.5,7.9,7.8,3.0,4.0,0
8.1,6.3,8.5,5.6,3.0,5.3,-1
3.5,5.6,7.5,6.1,3.0,1.0,-1
7.7,7.5,3.5,8.0,3.0,2.8,-1
9.5,8.1,9.5,10.0,3.0,7.5,0
8.0,7.5,7.4,7.8,3.0,5.3,0
5.2,7.5,8.8,7.3,3.0,3.3,-1
8.2,7.5,7.5,8.1,3.0,7.5,0
7.2,7.5,7.5,9.0,3.0,5.3,-1
8.4,7.5,9.5,10.0,3.0,5.3,0
9.6,9.4,9.5,9.5,3.0,9.5,0
7.5,6.9,8.0,8.8,3.0,7.3,0
7.4,7.5,6.3,8.1,3.0,5.0,0
7.3,7.5,8.0,8.3,3.0,3.8,-1
6.3,7.5,9.5,7.5,3.0,3.3,0
7.4,6.3,9.5,7.8,3.0,5.0,0
7.5,7.5,8.5,9.0,3.0,4.8,0
6.0,4.4,9.0,7.6,3.0,3.0,0
7.3,7.5,10.0,9.3,3.0,2.8,-1
7.1,7.5,8.5,10.0,3.0,6.5,-1
8.1,7.5,8.5,9.7,3.0,10.0,0
7.6,7.5,8.0,7.8,3.0,6.3,-1
8.0,7.5,7.5,9.2,3.0,7.3,0
7.6,4.4,7.4,8.3,3.0,8.0,0
7.8,7.5,7.4,8.8,3.0,5.8,-1
7.9,7.5,8.0,9.5,3.0,9.0,0
8.2,7.5,7.0,8.0,3.0,8.8,0
8.1,7.5,10.0,7.4,3.0,7.5,0
8.8,3.8,9.0,9.8,3.0,8.0,0
8.3,7.5,9.0,9.0,3.0,9.3,0
7.4,7.5,8.5,9.0,3.0,7.0,0
7.4,7.5,9.0,10.0,3.0,6.0,0
8.2,7.5,8.5,9.4,3.0,4.8,-1
5.4,6.3,8.0,6.4,4.0,5.0,-1
7.2,7.5,10.0,7.2,4.0,7.5,-1
6.5,5.6,9.2,8.2,4.0,6.8,-1
8.1,7.5,8.5,10.0,4.0,8.8,0
7.6,6.9,7.5,9.8,4.0,6.8,0
5.9,6.3,10.0,7.2,4.0,5.8,-1
5.8,4.4,7.0,8.7,4.0,5.3,-1
4.8,4.4,9.5,4.2,4.0,2.5,-1
7.0,6.3,0.0,7.1,4.0,3.3,0
6.4,4.4,7.9,7.7,4.0,6.5,-1
7.2,7.5,7.5,9.5,4.0,7.0,0
6.8,7.5,9.5,7.3,4.0,6.3,-1
8.8,8.1,9.0,9.5,4.0,8.3,0
6.4,5.6,9.5,8.4,4.0,5.3,-1
7.7,6.3,8.0,9.8,4.0,8.0,-1
6.0,5.6,7.5,6.0,4.0,6.8,-1
7.5,7.5,8.5,7.8,4.0,7.3,0
6.4,5.6,8.0,8.0,4.0,6.8,-1
6.8,7.5,8.0,7.5,4.0,6.8,0
7.0,6.3,0.0,6.9,4.0,4.0,-1
8.0,6.9,8.5,8.7,4.0,9.3,0
6.3,5.6,8.0,8.0,4.0,7.5,0
7.7,7.5,10.0,9.1,4.0,7.0,0
8.5,7.5,8.5,10.0,4.0,9.3,0
6.5,5.6,8.5,5.8,4.0,8.0,-1
7.2,7.5,9.0,8.9,4.0,9.3,-1
6.2,5.6,7.4,8.2,4.0,8.8,-1
5.8,7.5,10.0,6.3,4.0,3.3,-1
8.7,6.9,8.0,7.2,3.0,9.5,0
7.4,7.5,9.0,10.0,3.0,8.5,0
6.4,7.5,10.0,6.6,3.0,6.3,0
4.7,3.8,9.0,5.3,3.0,2.8,0
7.3,7.5,8.0,7.5,3.0,8.5,0
7.0,7.5,9.0,8.1,3.0,5.0,0
6.8,7.5,8.0,9.7,3.0,7.3,-1
8.2,6.3,9.0,10.0,3.0,8.5,0
7.9,5.6,10.0,9.5,3.0,9.5,1
7.3,7.5,9.5,8.5,3.0,8.3,-1
7.3,7.5,8.5,7.4,3.0,8.0,0
7.8,7.5,9.0,7.1,4.0,6.3,0
8.8,5.6,9.5,10.0,4.0,8.5,0
7.9,5.0,10.0,9.8,4.0,7.3,0
6.3,7.5,8.0,8.0,4.0,5.0,0
5.8,6.3,10.0,6.4,4.0,3.8,-2
7.7,7.5,10.0,8.1,4.0,7.0,0
6.5,6.3,7.4,7.9,4.0,7.5,-1
7.1,6.3,8.0,6.7,4.0,4.3,0
9.2,9.4,9.5,9.8,4.0,8.0,1
6.0,7.5,8.5,6.2,4.0,4.3,0
7.0,7.5,8.5,8.9,4.0,5.5,-1
7.9,7.5,9.2,8.7,4.0,8.3,-1
7.2,7.5,8.5,7.5,4.0,7.0,0
6.8,7.5,8.5,8.8,4.0,4.8,-1
6.9,7.5,8.5,5.0,4.0,0.0,-1
5.7,7.5,9.5,7.9,4.0,6.5,0
7.9,6.3,9.0,10.0,3.0,7.0,-1
7.4,5.6,9.0,7.7,3.0,5.0,-1
7.1,6.3,8.0,5.4,3.0,5.8,0
6.9,7.5,9.0,9.3,3.0,6.0,0
7.2,7.5,8.0,8.2,3.0,4.0,0
7.8,6.3,10.0,9.6,3.0,8.3,-1
6.7,7.5,8.0,7.1,3.0,3.5,0
5.7,6.3,9.0,5.8,3.0,5.0,-1
7.2,7.5,8.0,8.0,3.0,7.5,0
6.9,5.6,8.5,7.1,3.0,6.5,-1
6.3,6.3,8.5,9.6,3.0,7.8,-1
7.8,7.5,9.0,6.3,3.0,6.5,0
7.4,6.3,9.5,8.4,3.0,7.3,0
7.7,7.5,0.0,8.5,3.0,5.8,0
8.5,7.5,8.0,8.8,3.0,8.0,1
8.7,6.3,8.0,9.1,3.0,8.8,0
9.4,5.6,8.0,9.8,3.0,8.8,0
9.2,6.3,8.0,10.0,3.0,7.5,0
9.4,6.3,8.0,9.5,3.0,9.8,0
6.2,6.3,9.6,6.0,3.0,3.3,0
8.0,6.3,8.5,8.9,3.0,7.3,0
5.9,7.5,8.5,7.8,3.0,4.0,-1
5.4,5.6,8.3,5.1,3.0,4.8,-1
5.8,7.5,8.0,4.3,3.0,6.3,0
8.7,6.3,8.5,10.0,3.0,8.5,0
5.8,7.5,0.0,6.8,3.0,4.3,0
8.2,7.5,9.0,8.3,3.0,8.3,0
5.6,6.9,8.5,7.6,3.0,3.3,0
6.1,6.3,6.9,5.8,3.0,7.0,0
6.8,7.5,9.0,5.7,3.0,4.3,0
7.0,7.5,0.0,5.0,3.0,2.0,0
6.3,7.5,8.5,7.8,3.0,7.0,-1
7.1,6.9,8.4,9.3,3.0,6.5,0
7.8,6.3,8.4,9.5,3.0,5.8,0
7.6,6.9,9.5,8.3,3.0,3.5,0
7.7,7.5,8.0,8.8,3.0,4.5,0
6.1,7.5,5.3,9.8,3.0,7.8,-1
7.7,7.5,9.0,6.8,3.0,5.8,0
7.5,7.5,9.5,10.0,3.0,5.0,0
8.3,7.5,8.0,7.9,3.0,6.0,0
8.8,7.5,9.5,9.7,3.0,8.5,0
8.8,6.3,9.5,8.8,3.0,9.3,0
7.4,7.5,8.0,7.6,3.0,5.3,-1
8.5,7.5,8.0,9.8,3.0,7.3,0
5.1,6.9,9.0,3.1,3.0,4.3,0
7.3,7.5,8.5,8.2,3.0,5.3,-1
6.7,7.5,9.2,4.8,3.0,7.3,-1
5.6,7.5,8.0,4.9,3.0,5.3,0
7.4,7.5,6.8,6.1,3.0,7.0,0
7.7,7.5,7.5,10.0,3.0,2.8,-1
7.1,7.5,7.4,9.1,3.0,7.5,0
7.8,7.5,7.5,6.2,3.0,7.8,0
7.7,7.5,8.0,6.9,3.0,5.5,0
8.8,7.5,7.0,9.8,3.0,9.3,0
6.9,5.6,7.5,4.6,3.0,6.8,-1
5.9,7.5,8.5,5.7,3.0,5.0,0
6.9,7.5,9.5,7.5,3.0,3.8,-1
5.8,7.5,9.0,6.9,3.0,4.5,-1
7.6,7.5,7.4,8.4,3.0,5.3,0
8.7,7.5,9.5,9.1,3.0,9.5,0
2.9,7.5,6.8,3.5,3.0,4.8,-1
7.5,7.5,7.9,9.1,3.0,5.3,0
7.9,7.5,8.0,8.4,3.0,3.5,0
6.7,7.5,7.5,7.0,3.0,8.8,0
3.8,7.5,6.9,4.4,3.0,5.0,-1
3.0,7.5,8.0,4.2,3.0,4.5,-1
8.2,7.5,7.5,7.2,3.0,9.3,0
7.4,7.5,8.5,6.5,3.0,7.5,0
9.0,7.5,10.0,9.8,3.0,10.0,0
8.9,7.5,9.5,10.0,3.0,9.0,0
8.6,7.5,10.0,9.3,3.0,8.8,0
5.6,7.5,9.5,7.5,3.0,5.8,-1
6.9,7.5,7.5,6.8,3.0,6.8,-1
7.7,6.3,8.0,8.5,3.0,4.0,-1
7.6,7.5,9.5,10.0,3.0,5.5,0
6.3,7.5,7.5,7.5,3.0,6.3,-1
7.8,7.5,9.0,10.0,3.0,9.0,-1
7.2,7.5,8.5,7.5,3.0,3.8,-1
7.3,7.5,9.0,8.0,3.0,5.5,0
7.3,7.5,10.0,9.5,3.0,6.0,0
7.5,7.5,9.0,8.7,3.0,8.0,0
6.7,6.3,6.4,6.7,3.0,3.5,-1
7.9,7.5,9.0,9.3,3.0,8.0,0
8.5,7.5,10.0,7.8,3.0,9.0,1
5.8,7.5,9.2,6.4,4.0,6.5,0
8.9,8.8,7.5,7.3,4.0,6.3,0
3.1,2.5,8.3,3.9,4.0,0.0,0
6.2,6.3,10.0,5.3,4.0,5.7,0
7.5,9.4,9.6,5.4,4.0,4.7,3
6.8,9.4,9.6,5.2,4.0,3.2,-3
6.7,9.4,9.2,4.3,4.0,4.7,-1
6.6,9.4,7.1,5.7,4.0,1.8,-1
7.5,9.4,9.6,8.1,4.0,6.5,0
9.2,9.4,9.2,9.4,4.0,9.7,0
6.5,8.1,8.3,7.8,4.0,6.3,0
7.5,5.6,8.8,7.7,4.0,3.7,0
7.5,8.8,9.6,5.6,4.0,4.8,3
7.3,8.8,9.2,5.5,4.0,6.2,1
8.3,2.5,10.0,9.1,4.0,6.2,0
5.5,8.1,5.8,3.8,4.0,4.7,0
6.6,8.8,7.9,8.4,4.0,2.7,0
6.7,10.0,10.0,8.9,4.0,3.2,1
7.3,8.8,8.3,9.1,4.0,3.8,-1
7.5,8.8,8.8,5.6,4.0,8.2,0
5.5,2.5,7.5,6.2,4.0,3.2,-1
7.4,8.1,8.3,9.1,4.0,5.5,1
4.2,2.5,7.5,4.5,4.0,6.3,0
5.6,8.8,8.8,7.7,4.0,3.5,-1
7.1,9.4,8.8,10.0,4.0,7.0,0
9.1,8.8,9.2,9.9,4.0,8.5,1
8.5,8.1,10.0,8.8,4.0,7.7,1
7.3,4.4,9.2,9.8,4.0,6.7,0
8.8,8.8,6.7,9.3,4.0,8.2,1
6.9,7.5,7.9,2.8,4.0,4.0,-1
5.5,8.8,8.8,6.1,4.0,3.2,-1
9.5,2.5,9.2,9.9,3.0,9.7,1
6.1,2.5,7.5,5.3,3.0,5.0,0
7.6,7.5,9.2,9.9,3.0,7.0,0
7.6,5.6,7.9,8.3,3.0,7.0,0
6.9,2.5,8.3,6.8,3.0,4.0,0
5.9,6.9,10.0,5.0,3.0,2.0,-2
7.5,9.4,8.8,6.5,3.0,4.5,0
7.4,2.5,7.1,5.1,3.0,8.7,0
9.5,2.5,10.0,10.0,3.0,9.8,1
7.5,8.1,9.6,9.4,3.0,7.3,-1
6.9,7.5,9.2,5.8,3.0,6.7,0
7.6,2.5,10.0,10.0,3.0,8.8,1
7.1,7.5,9.6,6.0,3.0,5.0,0
5.9,6.3,10.0,4.8,3.0,3.0,-1
7.0,5.0,8.3,5.6,3.0,5.8,-1
8.1,8.8,9.2,10.0,4.0,3.8,0
6.4,6.9,0.0,7.7,4.0,2.0,0
7.5,7.5,7.1,5.6,4.0,4.7,1
7.0,5.6,9.6,9.5,4.0,5.3,0
5.8,7.5,7.9,6.6,4.0,5.2,0
7.8,7.5,9.2,10.0,4.0,8.0,0
7.2,2.5,9.2,6.4,4.0,6.0,0
8.4,2.5,9.6,10.0,4.0,6.7,0
7.3,7.5,9.2,7.8,4.0,5.7,0
7.0,8.1,9.2,7.0,4.0,6.8,0
7.4,7.5,9.6,7.6,4.0,6.3,0
7.8,7.5,9.6,9.8,4.0,7.7,1
8.9,8.1,7.5,7.7,4.0,8.7,0
8.2,2.5,9.2,9.5,4.0,7.3,0
5.1,7.5,7.5,7.8,4.0,2.3,0
6.7,7.5,8.8,5.8,4.0,3.5,0
7.5,7.5,8.3,5.4,4.0,0.0,0
5.5,8.1,7.9,3.3,5.0,5.2,-2
4.3,8.1,9.2,3.8,5.0,3.0,-2
4.7,8.1,10.0,5.7,5.0,3.2,0
7.0,7.5,6.7,7.4,5.0,5.5,-1
5.8,7.5,6.2,4.6,5.0,5.0,1
5.4,8.1,9.2,3.8,5.0,3.7,0
6.2,8.1,8.8,6.5,5.0,3.9,0
8.7,2.5,8.8,9.6,5.0,6.8,1
5.3,8.1,0.0,2.5,5.0,2.8,0
5.0,6.9,10.0,2.8,5.0,4.3,-1
7.1,7.5,8.8,8.0,5.0,5.8,-1
6.6,10.0,8.3,8.1,4.0,3.8,0
6.7,7.5,7.9,9.2,4.0,8.0,-1
5.6,7.5,7.5,7.1,4.0,4.7,1
6.1,7.5,8.3,6.1,4.0,3.7,-2
7.2,7.5,8.8,9.5,4.0,7.5,0
9.1,7.5,10.0,9.2,4.0,5.8,0
6.8,8.8,9.2,9.5,4.0,5.0,0
6.8,2.5,8.8,6.2,4.0,2.5,0
6.7,7.5,7.9,6.2,4.0,7.0,-1
6.0,7.5,7.5,7.2,4.0,4.3,-1
6.2,2.5,7.1,6.2,4.0,3.8,0
6.7,8.8,9.6,6.7,4.0,5.2,0
6.1,8.8,7.5,6.1,4.0,4.2,0
6.3,2.5,10.0,8.3,4.0,2.8,-1
6.4,8.8,8.8,5.6,4.0,4.3,0
7.5,8.1,9.2,7.2,5.0,6.0,0
5.9,8.1,8.8,7.0,5.0,6.8,0
9.6,7.5,10.0,8.8,5.0,9.7,0
5.6,7.5,9.2,7.6,5.0,6.7,0
7.1,8.1,8.8,9.4,5.0,9.3,1
6.8,7.5,0.0,3.9,5.0,2.0,-1
5.3,7.5,8.8,7.7,5.0,6.2,-1
8.2,7.5,9.6,10.0,5.0,6.7,1
7.5,8.1,9.2,9.5,5.0,8.3,0
8.5,7.5,9.6,9.1,5.0,7.0,-1
6.7,7.5,7.1,6.9,5.0,2.5,0
5.4,7.5,8.8,4.9,5.0,1.7,0
6.4,7.5,9.6,9.4,5.0,6.8,0
8.3,8.1,9.2,9.7,4.0,9.5,0
8.1,8.1,7.9,9.7,4.0,1.2,0
6.2,7.5,8.8,8.2,4.0,3.2,-1
7.3,8.1,8.3,9.8,4.0,7.8,0
4.7,8.1,9.6,9.0,4.0,4.0,0
7.9,7.5,8.8,5.1,4.0,5.8,0
7.5,8.1,9.2,8.7,4.0,7.0,-1
7.1,8.1,8.8,9.0,4.0,7.7,-1
6.9,8.1,7.9,8.9,4.0,5.0,0
8.7,8.1,9.2,8.3,4.0,8.7,-1
7.3,9.4,10.0,8.6,3.0,7.7,1
8.3,7.5,9.2,10.0,3.0,7.5,1
7.9,6.3,8.3,9.3,3.0,8.3,0
7.6,7.5,8.8,7.4,3.0,7.7,0
7.1,8.1,9.2,7.9,3.0,7.2,1
6.9,7.5,9.2,9.5,3.0,5.0,0
8.3,7.5,9.6,10.0,3.0,6.7,0
7.2,7.5,8.8,9.9,3.0,5.3,1
5.5,7.5,7.5,6.2,3.0,2.8,-1
6.8,7.5,8.8,8.3,3.0,5.7,1
7.1,6.9,6.7,9.0,3.0,6.8,0
6.8,6.9,10.0,8.3,3.0,4.2,-2
6.9,7.5,7.5,4.9,3.0,5.3,0
6.8,7.5,7.5,5.0,3.0,4.8,0
8.3,3.8,9.6,9.7,3.0,6.3,1
7.2,7.5,9.6,9.2,3.0,7.2,0
7.1,8.8,9.2,7.9,4.0,4.3,-1
7.8,8.1,8.8,6.8,4.0,8.0,0
7.7,8.8,8.8,7.2,4.0,4.0,-1
5.7,7.5,7.9,8.4,4.0,6.0,0
6.9,6.9,6.7,6.8,4.0,4.8,0
6.8,7.5,9.6,6.2,4.0,4.2,0
7.6,2.5,7.9,6.1,4.0,7.8,1
6.9,7.5,9.2,5.8,4.0,3.0,-1
8.5,7.5,9.6,9.7,4.0,7.3,0
8.4,7.5,10.0,7.9,4.0,7.2,0
6.2,8.1,8.3,7.5,4.0,7.0,1
6.7,7.5,7.9,6.6,4.0,4.5,0
6.8,8.1,5.8,6.5,4.0,4.3,0
6.2,8.8,8.3,7.2,4.0,4.2,0
6.7,8.1,8.8,10.0,5.0,3.7,1
6.8,7.5,8.3,5.0,5.0,2.7,-1
7.7,6.9,9.2,8.6,5.0,8.2,0
7.8,2.5,8.8,9.5,5.0,5.0,0
7.2,7.5,7.9,7.6,5.0,4.2,0
6.2,7.5,9.2,7.1,5.0,5.0,0
7.0,8.1,7.5,6.3,5.0,3.2,-2
7.0,2.5,8.3,6.3,5.0,5.7,0
7.7,7.5,9.6,8.7,5.0,5.7,-1
5.1,6.3,0.0,3.4,5.0,2.3,-1
7.0,7.5,9.2,7.0,5.0,4.7,0
5.5,6.9,7.5,6.2,5.0,2.7,0
7.1,7.5,7.5,8.1,5.0,5.0,-1
6.9,9.4,7.1,7.8,5.0,3.8,0
6.6,6.9,8.3,8.7,5.0,5.8,-1
6.2,8.1,7.5,6.2,2.0,8.2,0
7.7,7.5,9.2,10.0,2.0,5.8,0
5.7,8.1,9.2,7.1,2.0,6.8,0
6.2,8.8,8.3,6.4,2.0,4.7,0
5.3,8.1,8.8,6.3,2.0,4.3,0
6.3,7.5,9.6,7.7,2.0,5.7,-1
6.3,7.5,8.3,9.6,2.0,7.3,-1
6.4,8.1,7.9,8.4,2.0,4.8,0
6.3,8.1,7.9,6.5,2.0,6.7,-1
5.7,7.5,8.3,5.2,2.0,4.8,0
5.8,7.5,10.0,7.8,2.0,7.2,-3
6.3,7.5,9.6,7.4,2.0,4.2,-2
7.9,6.9,7.9,9.0,4.0,4.2,0
6.1,2.5,4.6,4.7,4.0,3.3,0
7.5,8.1,8.3,7.6,4.0,3.5,1
7.7,7.5,10.0,9.3,4.0,6.2,-1
6.2,7.5,9.6,5.2,4.0,4.3,-1
7.0,7.5,8.3,6.2,4.0,4.7,1
6.0,2.5,8.3,6.4,4.0,3.7,-1
7.4,7.5,7.9,8.7,4.0,4.0,0
6.2,2.5,7.9,5.3,4.0,3.8,0
7.3,7.5,8.3,9.1,4.0,8.5,0
6.8,7.5,9.6,4.8,4.0,3.5,-2
6.8,6.9,8.8,3.7,4.0,4.0,-1
7.2,7.5,9.6,9.7,4.0,3.2,0
6.7,8.1,9.2,5.6,4.0,3.5,-2
7.0,3.8,9.6,9.1,4.0,4.0,0
7.8,7.5,8.3,9.0,3.0,4.3,0
7.2,8.8,6.7,9.6,3.0,4.0,-2
7.3,8.8,8.8,6.0,3.0,3.7,0
6.4,8.1,8.8,4.5,3.0,1.7,-1
7.9,8.8,8.8,9.5,3.0,5.2,0
8.9,7.5,7.1,9.4,3.0,6.5,0
7.2,8.8,7.5,10.0,3.0,6.8,0
6.1,7.5,9.2,6.0,3.0,4.2,0
7.1,6.9,8.8,9.6,3.0,7.5,0
8.1,6.3,8.3,10.0,3.0,3.0,0
7.1,7.5,8.8,9.2,3.0,4.5,0
6.6,7.5,7.1,5.7,3.0,8.0,0
8.1,7.5,9.2,9.2,3.0,8.5,1
7.1,6.9,8.3,7.4,3.0,4.0,-1
8.0,7.5,9.2,9.8,3.0,7.8,1
6.4,6.9,9.6,3.4,3.0,5.3,0
7.4,7.5,7.9,5.2,3.0,4.0,0
7.3,8.1,8.8,6.1,3.0,4.5,0
7.6,7.5,9.6,9.7,3.0,6.8,-1
6.6,7.5,7.1,5.1,3.0,5.5,0
6.2,6.9,9.6,7.2,3.0,4.7,0
8.8,8.8,9.2,9.8,4.0,4.5,1
4.9,6.9,7.5,3.1,3.0,3.8,0
6.9,7.5,8.8,8.9,3.0,6.0,0
7.7,7.5,9.6,8.9,3.0,7.0,0
8.2,7.5,9.6,9.4,3.0,8.7,1
5.9,7.5,8.3,4.0,3.0,2.5,0
8.7,10.0,8.3,10.0,5.0,6.0,-1
8.3,8.8,9.2,8.7,5.0,5.5,-1
8.7,6.3,9.2,9.0,5.0,9.3,1
7.7,5.6,7.5,7.2,5.0,8.2,1
8.4,9.4,9.2,9.4,5.0,8.2,1
7.6,6.9,7.9,5.3,5.0,4.7,-1
8.7,9.4,9.6,7.6,5.0,7.0,1
8.3,5.6,9.2,9.2,5.0,8.2,1
9.1,5.6,8.8,9.7,5.0,8.5,-1
8.4,6.3,7.9,9.2,5.0,7.5,0
8.2,6.9,8.3,7.6,5.0,7.2,-1
7.7,5.0,9.6,9.2,5.0,9.0,-1
7.2,6.3,7.5,5.5,5.0,5.8,0
7.8,6.9,8.8,9.7,5.0,7.7,1
7.4,5.6,7.9,7.9,5.0,5.7,-2
8.8,7.5,9.2,7.4,4.0,6.8,0
3.5,5.6,9.6,5.4,4.0,1.0,-1
6.8,6.3,8.3,4.5,4.0,3.2,1
6.9,5.0,6.3,8.7,4.0,0.5,-2
7.6,6.3,9.2,7.3,4.0,5.0,1
8.5,7.5,8.8,8.3,4.0,7.0,-1
5.3,6.9,8.3,4.9,4.0,2.2,-1
6.0,7.5,0.0,8.1,4.0,5.5,-1
8.3,7.5,9.2,9.2,4.0,6.5,-2
8.3,7.5,8.3,8.8,4.0,8.2,-2
6.5,5.6,8.3,6.7,4.0,5.3,1
8.5,7.5,9.2,7.5,4.0,8.2,-1
8.6,6.3,0.0,8.3,4.0,4.3,0
8.6,6.3,9.2,6.8,4.0,7.5,0
6.9,6.3,6.7,7.1,4.0,2.2,-2
8.7,7.5,9.6,7.5,4.0,8.3,-1
8.5,5.0,8.3,9.1,4.0,5.7,-1
8.4,7.5,9.2,9.8,3.0,7.5,-1
7.9,7.5,8.3,6.5,3.0,6.8,-2
8.6,6.3,9.2,6.1,3.0,5.0,-1
8.6,7.5,8.8,8.4,3.0,7.3,-1
9.4,5.6,7.5,9.7,3.0,9.0,1
8.3,6.9,9.2,8.6,3.0,5.3,-1
9.0,5.0,6.7,9.5,3.0,8.8,0
7.7,6.3,8.8,7.7,3.0,4.5,-1
8.4,5.6,8.3,9.5,3.0,6.7,-1
9.1,5.6,8.8,9.5,3.0,7.8,0
8.3,6.3,9.2,7.2,3.0,5.5,1
7.3,7.5,10.0,5.0,3.0,4.3,-1
6.4,6.3,9.2,7.9,5.0,4.5,0
7.1,5.0,7.1,6.6,5.0,5.0,-2
8.5,5.6,8.8,6.4,5.0,6.7,-3
6.4,5.6,9.2,6.3,5.0,3.0,-1
8.5,7.5,9.2,8.6,5.0,5.8,1
8.9,5.0,8.3,8.9,5.0,4.7,-1
7.9,7.5,7.5,8.6,5.0,7.5,0
7.5,7.5,7.5,7.8,5.0,2.0,1
8.6,7.5,8.3,6.8,5.0,7.3,1
5.8,7.5,7.5,6.3,5.0,4.3,-1
8.5,7.5,8.8,9.7,5.0,7.0,0
8.5,6.3,8.8,6.9,5.0,4.3,1
6.3,7.5,7.9,4.9,5.0,4.2,-2
9.3,5.6,8.8,9.1,5.0,7.2,-2
9.2,7.5,8.8,9.0,5.0,6.2,-1
7.6,7.5,9.2,7.7,5.0,5.2,0
9.0,6.9,9.2,9.6,3.0,9.2,0
7.4,6.3,8.3,7.8,3.0,6.3,-1
6.7,6.3,8.3,8.1,3.0,4.5,-1
9.0,6.3,7.9,7.8,3.0,8.2,-1
7.6,5.6,8.8,9.0,4.0,7.5,-1
8.0,4.4,7.9,7.9,4.0,4.8,-1
8.2,7.5,8.3,9.2,4.0,5.5,-1
8.2,5.6,8.8,9.7,4.0,4.8,-1
7.5,5.0,7.9,9.1,4.0,6.8,0
7.8,7.5,10.0,6.8,4.0,4.0,-1
7.3,6.3,7.5,10.0,4.0,5.5,-1
7.5,5.0,10.0,6.1,4.0,5.7,-1
6.5,7.5,9.6,8.0,4.0,3.3,0
8.3,7.5,8.3,8.4,4.0,8.8,0
7.9,6.3,8.3,7.6,4.0,3.7,0
8.2,7.5,9.2,10.0,4.0,3.8,-2
7.4,7.5,7.9,8.6,4.0,4.0,0
7.2,7.5,8.3,9.6,4.0,3.3,0
7.8,5.6,8.8,7.8,4.0,4.0,-1
7.4,5.6,7.1,9.1,4.0,4.8,0
8.1,6.3,8.3,8.5,4.0,7.3,0
7.6,5.6,9.2,8.9,4.0,5.0,0
7.6,7.5,0.0,5.9,4.0,6.8,-1
7.9,5.6,8.3,5.9,4.0,5.0,1
8.2,7.5,9.2,7.5,4.0,9.0,0
8.8,7.5,8.3,9.8,4.0,7.8,0
6.1,6.3,7.5,3.1,4.0,4.2,0
7.5,7.5,0.0,6.3,4.0,2.5,-1
7.0,6.3,7.9,9.1,4.0,5.7,0
8.0,7.5,0.0,7.0,4.0,5.5,0
9.1,7.5,8.8,9.0,4.0,8.0,1
7.5,7.5,8.8,4.0,4.0,5.7,-2
9.0,7.5,8.8,10.0,4.0,9.3,1
8.5,6.3,7.1,9.4,4.0,8.2,1
8.0,6.3,8.3,9.6,4.0,4.0,1
8.6,6.3,8.3,8.5,4.0,6.3,-1
8.8,6.3,10.0,10.0,4.0,9.0,0
8.8,7.5,7.9,8.3,5.0,8.7,-1
7.1,7.5,7.1,6.4,5.0,3.5,-2
6.9,6.3,9.2,7.3,5.0,4.5,-1
7.4,7.5,7.9,6.9,5.0,5.5,-1
7.8,7.5,8.3,8.7,5.0,8.7,1
7.0,6.3,8.3,7.9,5.0,4.8,-1
8.6,7.5,8.8,9.5,5.0,6.7,1
6.8,5.6,6.3,8.4,5.0,6.8,-1
8.5,6.3,6.2,4.9,5.0,6.5,-1
6.0,6.3,9.6,6.1,5.0,3.0,-2
7.7,6.9,8.8,9.8,5.0,8.0,-2
7.4,5.6,7.9,8.5,5.0,4.7,0
5.8,6.3,9.6,6.6,6.0,3.7,-2
7.0,6.3,8.3,7.9,6.0,2.3,0
8.2,7.5,8.8,10.0,6.0,3.3,-2
8.0,5.6,9.2,8.5,6.0,8.0,-1
8.3,7.5,7.5,8.4,6.0,2.8,-1
8.6,7.5,8.3,7.2,6.0,7.5,-1
6.7,5.6,8.3,7.5,5.0,4.5,-2
7.0,6.3,8.3,8.9,5.0,7.8,-1
8.9,6.3,8.3,9.6,5.0,9.2,0
6.5,6.3,9.6,8.7,5.0,4.2,0
6.2,6.3,7.5,6.1,5.0,3.3,-1
8.7,7.5,9.2,9.4,5.0,8.5,2
8.4,6.3,7.5,8.7,5.0,4.3,0
6.8,6.3,8.8,8.2,5.0,8.8,-2
7.9,7.5,9.6,9.4,5.0,7.0,0
7.3,7.5,8.8,9.5,5.0,3.5,-1
8.5,6.3,9.2,9.7,5.0,8.5,0
8.2,6.3,10.0,10.0,5.0,8.2,0
8.5,7.5,8.8,9.5,5.0,7.8,0
5.7,6.3,7.9,4.2,5.0,4.2,-2
7.4,6.3,7.1,6.5,5.0,5.7,0
8.2,7.5,9.6,8.9,5.0,7.5,0
7.3,6.3,8.8,8.3,5.0,5.0,0
6.9,7.5,8.3,6.4,5.0,7.2,-2
7.3,6.3,8.8,8.2,5.0,6.8,0
8.7,6.3,7.9,9.6,5.0,7.2,1
5.9,6.3,9.2,5.0,5.0,3.8,0
7.6,7.5,8.3,9.7,5.0,6.5,-2
8.7,6.3,9.2,9.5,5.0,8.3,0
6.0,6.3,8.8,8.4,5.0,5.7,-2
8.3,7.5,8.8,7.0,4.0,6.5,-1
8.5,6.3,9.6,9.5,4.0,8.8,1
7.9,7.5,7.9,8.8,4.0,7.2,0
7.8,7.5,7.5,9.3,4.0,8.3,-1
8.9,7.5,9.2,7.8,4.0,8.5,-1
8.8,6.3,8.8,9.8,4.0,7.0,1
9.0,6.3,7.5,9.7,4.0,7.8,1
8.9,7.5,8.8,9.7,4.0,8.0,1
8.8,6.3,7.5,9.8,4.0,8.3,0
8.8,5.6,9.6,9.8,4.0,8.8,1
7.8,6.3,8.3,7.9,4.0,7.5,-1
8.9,6.3,8.8,9.7,4.0,9.2,1
8.1,6.3,8.8,9.8,4.0,7.3,0
8.3,5.6,8.8,9.5,5.0,9.3,-2
8.5,5.0,7.5,8.6,5.0,9.0,-2
8.7,6.3,8.8,9.7,5.0,8.3,-1
6.6,6.3,9.6,4.1,5.0,3.8,-2
7.0,7.5,0.0,5.1,5.0,2.5,-1
7.0,7.5,7.5,8.0,5.0,4.7,-1
9.0,6.3,8.8,8.7,5.0,8.2,1
7.1,7.5,8.3,5.1,5.0,2.5,-2
6.8,5.6,5.8,6.2,5.0,0.0,-1
6.8,7.5,8.8,7.2,5.0,5.0,0
8.2,7.5,9.2,9.7,5.0,5.8,0
8.3,6.3,8.8,9.7,3.0,7.7,-1
7.4,7.5,8.3,9.3,3.0,6.2,-1
7.4,7.5,8.8,9.4,3.0,5.0,-2
7.9,7.5,8.3,9.7,3.0,6.0,-2
6.3,5.0,9.6,7.6,3.0,6.8,-2
7.5,7.5,6.7,8.7,3.0,7.7,-1
7.4,7.5,9.6,8.8,3.0,5.8,-2
6.1,7.5,9.2,7.8,3.0,5.2,-2
5.9,7.5,7.1,8.4,3.0,4.5,-2
6.9,7.5,6.7,8.5,3.0,6.2,-2
7.1,7.5,9.2,10.0,3.0,7.0,-1
6.2,7.5,8.3,7.1,3.0,3.0,-2
8.2,6.3,7.5,10.0,3.0,9.5,1
6.3,6.3,10.0,8.3,3.0,2.0,-2
7.1,7.5,9.6,8.7,3.0,7.7,-1
7.1,7.5,8.8,7.1,3.0,6.7,-1
7.4,5.6,7.5,7.3,3.0,5.2,-2
7.4,7.5,7.9,9.1,3.0,4.7,-1
8.2,5.6,8.3,9.6,3.0,9.3,2
7.7,7.5,9.6,9.0,3.0,5.8,0
7.7,6.3,8.3,7.4,3.0,5.7,-1
7.8,6.3,8.8,8.0,3.0,4.0,0
7.1,7.5,7.5,6.6,3.0,6.5,-1
6.9,6.3,9.6,8.1,3.0,5.7,-2
7.9,7.5,7.5,9.4,3.0,8.5,0
7.5,7.5,7.9,9.8,4.0,8.3,0
7.1,7.5,8.3,8.4,4.0,6.2,-1
6.7,6.3,9.2,9.0,4.0,7.3,-1
8.4,7.5,9.2,10.0,4.0,8.0,0
5.8,6.3,6.7,4.0,4.0,3.2,-1
8.4,7.5,9.2,10.0,4.0,6.7,0
6.5,7.5,8.3,6.6,4.0,5.3,-1
6.1,7.5,0.0,5.6,4.0,3.3,-1
6.7,6.3,8.3,7.8,4.0,4.0,0
6.4,7.5,7.9,7.7,4.0,2.8,-1
6.8,7.5,8.3,7.9,4.0,6.3,-1
7.1,5.6,7.1,8.7,4.0,6.5,1
7.2,7.5,7.5,9.3,4.0,4.3,1
7.5,6.3,8.8,9.0,3.0,8.2,1
7.3,5.6,8.8,8.6,3.0,4.5,-1
8.7,6.3,8.3,10.0,3.0,9.7,1
7.1,7.5,8.8,6.7,3.0,5.2,-1
7.8,6.3,7.9,9.5,3.0,7.2,1
7.7,5.6,9.6,9.9,3.0,6.2,-2
6.3,6.3,7.9,7.1,3.0,1.5,-1
7.9,7.5,9.2,9.9,3.0,9.3,1
7.0,3.8,8.3,8.7,3.0,7.7,-2
8.7,7.5,9.2,10.0,3.0,9.3,1
8.4,6.3,7.9,10.0,3.0,8.3,-1
8.7,6.3,7.9,9.9,3.0,9.3,1
8.6,7.5,8.8,9.5,3.0,9.0,-1
7.9,7.5,8.3,10.0,3.0,9.7,-1
8.4,7.5,8.3,8.4,5.0,8.3,0
7.1,5.6,9.2,9.7,5.0,8.2,-1
7.7,6.3,9.2,8.5,5.0,6.0,0
7.9,5.6,9.2,8.8,5.0,5.7,0
6.4,5.6,7.5,8.4,5.0,7.2,-1
7.2,7.5,8.3,5.6,5.0,6.2,-1
7.6,7.5,7.9,9.5,5.0,7.5,-1
6.9,7.5,7.5,7.1,5.0,4.3,0
8.4,7.5,8.8,9.7,5.0,7.3,0
8.2,7.5,7.1,7.8,5.0,7.8,-1
6.8,7.5,8.3,8.5,5.0,5.8,0
8.0,7.5,7.1,8.0,5.0,8.0,0
7.3,7.5,9.6,8.6,5.0,7.3,-1
8.1,5.6,10.0,7.5,5.0,7.3,-1
8.3,6.3,8.8,9.5,5.0,8.2,-1
8.6,7.5,9.2,9.6,5.0,9.0,0
8.2,6.3,10.0,9.7,5.0,8.0,0
7.8,6.3,9.2,9.3,5.0,7.5,0
8.7,7.5,8.3,9.8,5.0,7.3,0
7.6,5.6,7.5,7.8,5.0,8.3,-1
6.3,6.9,7.1,8.6,5.0,7.7,-1
8.5,7.5,9.6,10.0,5.0,7.2,-1
8.1,7.5,9.2,10.0,5.0,6.7,0
8.2,7.5,9.6,10.0,5.0,5.5,0
7.8,6.3,10.0,9.5,5.0,8.5,-1
7.9,8.1,8.8,7.9,3.0,7.0,0
6.3,8.1,7.1,7.2,3.0,5.3,0
7.7,8.1,10.0,9.1,3.0,8.0,0
6.3,7.5,10.0,8.8,3.0,7.5,0
8.3,9.4,7.5,9.6,3.0,8.0,0
9.2,10.0,10.0,9.3,3.0,7.7,0
7.4,6.9,9.6,6.0,3.0,6.2,0
8.6,7.5,9.6,9.8,3.0,7.3,0
7.4,8.8,8.8,8.0,3.0,7.5,0
9.6,9.4,8.8,9.6,3.0,9.2,1
8.3,8.1,10.0,9.0,3.0,8.2,0
8.2,9.4,7.9,8.3,3.0,7.5,0
7.5,7.2,7.9,0.0,0.0,0.0,0
7.5,6.9,10.0,9.0,0.0,8.1,2
7.5,7.5,9.2,9.6,0.0,8.2,2
7.5,6.3,9.2,0.0,0.0,0.0,2
7.5,6.9,10.0,9.0,0.0,7.1,2
7.5,6.6,8.8,0.0,0.0,0.0,2
7.5,6.9,8.3,9.0,0.0,6.1,0
7.5,6.3,9.2,9.9,0.0,7.5,1
7.5,6.6,7.1,10.0,0.0,7.4,1
7.5,7.2,10.0,9.9,0.0,6.8,2
7.5,6.3,9.6,9.6,0.0,7.7,2
7.5,6.9,8.8,9.4,0.0,7.2,2
7.5,7.2,8.8,0.0,0.0,0.0,0
7.5,6.9,9.2,10.0,0.0,8.0,2
7.5,6.6,8.3,0.0,0.0,0.0,2
7.5,7.5,8.8,0.0,0.0,0.0,0
7.5,6.6,9.2,0.0,0.0,0.0,0
7.5,7.2,9.6,9.5,0.0,8.9,1
7.5,6.6,8.3,9.7,0.0,6.9,2
7.5,6.6,8.8,9.8,0.0,6.9,1
7.5,6.3,8.8,9.7,0.0,6.2,2
7.5,6.6,6.7,9.7,0.0,5.5,0
7.5,6.9,10.0,9.9,0.0,2.6,2
7.5,6.6,8.3,9.2,0.0,8.3,1
7.5,5.9,7.5,9.6,0.0,6.4,2
